barcode,barcode_type,gs1_country,product_name,brand,ingredients,e_numbers_found,image_url,country_of_origin,halal_cert_mentions,source_url,source_name,verification_score,confidence,scan_count
8999908284907,EAN13,Indonesia,My baby telon,,obat obatan,[],https://images.openproductsfacts.org/images/products/899/990/828/4907/front_id.3.400.jpg,Indonesia,[],https://world.openproductsfacts.org/api/v2/product/8999908284907.json,OpenProductsFacts,100,,2
4902410112860,EAN13,Japan,Fuji Soft Tailoring 6 pieces,fujipan,,[],https://monolog.r-n-i.jp/2026_07_21_06_37_47/94857-c8c44ecd-785b-42b6-8954-749c5faa049b.jpg?width=600,Japan,[],https://monolog.r-n-i.jp/item/4902410112860,monolog.r-n-i.jp,160,,1
4907174149855,EAN13,Japan,New release of “pudding jelly cup dessert”,,,[],https://mognavi.jp/servlet/ogimage/category/0202/newitem,Japan,[],https://mognavi.jp/pudding/newitem,mognavi.jp,60,,1
4903110094302,EAN13,Japan,,,,[],,Japan,[],https://www.amazon.co.jp/s?k=4903110094302#skippedLink,amazon.co.jp,60,,4
4903110405726,EAN13,Japan,,,"Disclaimer : While we work to ensure that product information is correct, on occasion manufacturers may alter their ingredient lists.  Actual product packaging and materials may contain more and/or different information than that shown on our Web site. We recommend that you do not solely rely on the information presented and that you always read labels, warnings, and directions before using or consuming a product.   For additional information about a product, please contact the manufacturer. Content on this site is for reference purposes and is not intended to substitute for advice given by a physician, pharmacist, or other licensed health-care professional. You should not use this information as self-diagnosis or for treating a health problem or disease.  Contact your health-care provider immediately if you suspect that you have a medical problem. Information and statements regarding dietary supplements have not been evaluated by the Food and Drug Administration and are not intended to diagnose, treat, cure, or prevent any disease or health condition.  Amazon.com assumes no liability for inaccuracies or misstatements about products.",[],,Japan,[],https://www.amazon.co.jp/-/en/Yamazaki-Thin-Crust-Cream-Bread/dp/B0BRQD4TXQ/ref=sr_1_1?dib=eyJ2IjoiMSJ9.0L2kkeFTGKLlnwf5syO6XQ.Z2Nev0SuM8e8H02P7ru5CC06jrzMRjqubqP6LotmfeI&amp;dib_tag=se&amp;keywords=4903110405726&amp;qid=1786965833&amp;sr=8-1,amazon.co.jp,60,,3
9318637044306,EAN13,Australia,Cetaphil Moisturising Lotion 237ml,,,[],https://www.davidjonespharmacy.com.au/assets/full/191880.jpg?20230712154219,Australia,[],https://www.davidjonespharmacy.com.au/cetaphil-moisturising-lotion-237ml,davidjonespharmacy.com.au,60,,2
9555812700019,EAN13,Malaysia,9555812700019 - Harga Terbaik & Tawaran | Lazada Malaysia,,,[],,Malaysia,[],https://www.lazada.com.my/catalog/?q=9555812700019,lazada.com.my,60,,4
6224009352432,EAN13,Egypt,دولفين تونه مفتته 200 جرام اكسترا 170 + 30 جرام هديه,دولفين,,[],https://market.hypermousa.com/5630-home_default/dwlfyn-twnh-mftth-200-gram-akstra-170-30-gram-hdyh.jpg,Egypt,[],https://market.hypermousa.com/en/%D8%A7%D8%B3%D9%85%D8%A7%D9%83-%D9%85%D8%B9%D9%84%D8%A8%D9%87/4841-dwlfyn-twnh-mftth-200-gram-akstra-170-30-gram-hdyh.html,market.hypermousa.com,160,,2
8991689668006,EAN13,Indonesia,Data Barcode Produk Tahun 2024 Seri 6,,,"[""E 600G""]",https://endangcahyapermana.wordpress.com/wp-content/uploads/2024/11/jam-smartband-7.png,Indonesia,[],https://endangcahyapermana.wordpress.com/2024/11/06/data-barcode-produk-tahun-2024-seri-6/,endangcahyapermana.wordpress.com,60,,2
3400927946424,EAN13,France,TimoFerol - Iron Anemia - 30 Tablets,TimoFerol,"Therapeutic indications: It is recommended for the treatment of anemia due to a lack of iron in adults and children over 6 years old, and as a preventive treatment for iron deficiency in pregnant women. It comes in the form of tablets, in boxes of 30. Contraindications: Never take TIMOFEROL capsule in the following cases: Iron overload, particularly in certain forms of anemia (thalassemia, refractory anemia, anemia due to bone marrow failure). If in doubt, it is essential to seek the advice of your doctor or pharmacist. Special warnings: This medication is not suitable for the treatment of anemia linked to inflammatory diseases. A medical consultation is necessary before starting this treatment, in order to find the cause of the anemia. Precautions for use: High consumption of tea inhibits iron absorption. A check of the effectiveness is useful after 3 months of treatment, consult your doctor. If in doubt, do not hesitate to seek the advice of your doctor or pharmacist. Drug interactions: In order to avoid possible interactions between several medications, you must systematically report any other current treatment to your doctor or pharmacist, particularly injectable medications containing iron. Pregnancy - breastfeeding: This medicine, under normal conditions of use, can be taken during pregnancy. The use of this medicine is possible in breastfeeding women. Ask your doctor or pharmacist for advice before taking any medicine. Dosage: Curative treatment: - Child over 6 years old: 50 mg of iron per day, or 1 tablet per day. - Adults and children over 12 years old: 100 to 200 mg of iron per day, or 2 to 4 tablets per day. Preventive treatment: - In pregnant women: 1 tablet per day, during the last two trimesters of pregnancy (or from the 4th month). In all cases, follow your doctor's prescription. Method and frequency of administration duration of treatment: Mode of administration: Oral route. Frequency of administration: In order to limit unwanted effects and due to the stimulating effect of vitamin C, it is advisable to take this medication on an empty stomach in the morning or before lunch, but the time of intake and possibly the dosage are to be adapted according to digestive tolerance. Processing time: It must be sufficient to correct anemia and restore iron reserves (around 3 to 6 months). In all cases, follow your doctor's prescription. Adverse effects: possible Like all medicines, TIMOFEROL, capsule is likely to have side effects, although not everyone is subject to them: - Possibility of digestive disorders such as nausea, constipation or diarrhea. - Usual coloring of stools black or gray-black. If you notice any side effects not listed in this leaflet, or if any side effects become serious, please inform your doctor or pharmacist. Composition of the drug: Dried ferrous sulfate ................................................ .................................................. ............. 136 mg Corresponding quantity of iron ......................................... .................................................. .......... 50.00 mg Ascorbic acid ............................................. .................................................. ......................... 30.00 mg For one tablet",[],https://moncoinsante.care/83864-home_default/timoferol-iron-anemia-30-tablets.jpg,France,[],https://moncoinsante.care/en/21933-timoferol-iron-anemia-30-tablets.html,moncoinsante.care,160,,1
8858702438919,EAN13,Thailand,8858702438919 - Best prices & promotions | Lazada Thailand,,,[],,Thailand,[],https://www.lazada.co.th/catalog/?q=8858702438919,lazada.co.th,60,,1
8850477005167,EAN13,Thailand,Selling Meo Pouch 80 gr 1 box contains 12 flavors Adult Otak Otak CARROT 12x80 gr - Makassar Hobi,,,[],https://makassarhobi.com/wp-content/uploads/2023/10/8addf144-370f-4ffc-9515-731ab9efe13a.jpg,Thailand,[],https://makassarhobi.com/product/meo-pouch-80gr-1-dus-isi-12-rasa-adult-otak-otak-carrot-12x80-gr/,makassarhobi.com,160,,1
9556950013382,EAN13,Malaysia,9556950013382 - Harga Terbaik & Tawaran | Lazada Malaysia,,,[],,Malaysia,[],https://www.lazada.com.my/catalog/?q=9556950013382,lazada.com.my,60,,3
6948195801139,EAN13,China,,,,[],,China,[],http://yuboyo.com/mobile/index.php?m=goods&id=2102&u=0,yuboyo.com,60,,2
8852023665498,EAN13,Thailand,,,https://icheck.vn/san-pham/gb-diesel-super-sae-20w50-cf-18l-8885014870144 2026-08-17T00:00:00.000Z daily https://icheck.vn/san-pham/6958456321528 2026-08-17T00:00:00.000Z daily https://icheck.vn/san-pham/6970570810566 2026-08-17T00:00:00.000Z daily https://icheck.vn/san-pham/6957122518255 2026-08-17T00:00:00.000Z daily https://icheck.vn/san-pham/8010503052668 2026-08-17T00:00:00.000Z daily https://icheck.vn/san-pham/mivitotal-100-kapslar-7394098031248 2026-08-17T00:00:00.000Z daily https://icheck.vn/san-pham/4059336023661 2026-08-17T00:00:00.000Z daily https://icheck.vn/san-pham/nike-sneaker-low-downshifter-8-grau-herren-0888412911172 2026-08-17T00:00:00.000Z daily https://icheck.vn/san-pham/8850299007509 2026-08-17T00:00:00.000Z daily https://icheck.vn/san-pham/8809559727145 2026-08-17T00:00:00.000Z daily https://icheck.vn/san-pham/8934588642456 2026-08-17T00:00:00.000Z daily https://icheck.vn/san-pham/jbl-tune-120-true-wireless-earphone-black-4968929056101 2026-08-17T00:00:00.000Z daily https://icheck.vn/san-pham/4033100045448 2026-08-17T00:00:00.000Z daily https://icheck.vn/san-pham/9556171000291 2026-08-17T00:00:00.000Z daily https://icheck.vn/san-pham/8427907503205 2026-08-17T00:00:00.000Z daily https://icheck.vn/san-pham/weilong-crackers-spring-onion-and-chicken-soup-flavor-6970645310830 2026-08-17T00:00:00.000Z daily https://icheck.vn/san-pham/4062052103005 2026-08-17T00:00:00.000Z daily https://icheck.vn/san-pham/italian-red-wine-piazza-del-castello-rosso-di-toscana-0089832920243 2026-08-17T00:00:00.000Z daily https://icheck.vn/san-pham/6937384908476 2026-08-17T00:00:00.000Z daily https://icheck.vn/san-pham/san-pham-dieu-tri-xuong-khop-uni-fix-8938529598062 2026-08-17T00:00:00.000Z daily https://icheck.vn/san-pham/9338655325034 2026-08-17T00:00:00.000Z daily https://icheck.vn/san-pham/6971710956267 2026-08-17T00:00:00.000Z daily https://icheck.vn/san-pham/gom-nano-classmate-er05-an-mau-mau-giao-ngau-nhien-8936092566723 2026-08-17T00:00:00.000Z daily https://icheck.vn/san-pham/jin-tai-khang-cu-bac-kinh-dan-chan-50-dan-6950135509821 2026-08-17T00:00:00.000Z daily https://icheck.vn/san-pham/co-tra-bup-tom-cao-cap-100gr-8938529818078 2026-08-17T00:00:00.000Z daily https://icheck.vn/san-pham/organic-sprouted-brown-rice-protein-powder-350g-9339944004449 2026-08-17T00:00:00.000Z daily https://icheck.vn/san-pham/3614614356810 2026-08-17T00:00:00.000Z daily https://icheck.vn/san-pham/4800417077024 2026-08-17T00:00:00.000Z daily https://icheck.vn/san-pham/6972278680045 2026-08-17T00:00:00.000Z daily https://icheck.vn/san-pham/6944997221137 2026-08-17T00:00:00.000Z daily https://icheck.vn/san-pham/mieng-dan-duoi-mat-lam-trang-quang-tham-duoi-mat-9gr-8809192704664 2026-08-17T00:00:00.000Z daily https://icheck.vn/san-pham/gel-rua-tay-kho-kloob-noi-dia-nga-100ml-4610032370222 2026-08-17T00:00:00.000Z daily https://icheck.vn/san-pham/8803733064408 2026-08-17T00:00:00.000Z daily https://icheck.vn/san-pham/8934700016028 2026-08-17T00:00:00.000Z daily https://icheck.vn/san-pham/rule-one-proteins-rule-1-whey-protein-blend-protein-powder-5lbs-bcaas-0858925004968 2026-08-17T00:00:00.000Z daily https://icheck.vn/san-pham/ava-aktywator-m-odo-ci-odm-adza-koenzym-q10-zmarszczki-anti-aging-wrinkles-30ml-5906323004884 2026-08-17T00:00:00.000Z daily https://icheck.vn/san-pham/the-body-shop-901-san-lorenzo-cosmos-lipstick-3-3g-5028197776763 2026-08-17T00:00:00.000Z daily https://icheck.vn/san-pham/8935083573573 2026-08-17T00:00:00.000Z daily https://icheck.vn/san-pham/8938502845831 2026-08-17T00:00:00.000Z daily https://icheck.vn/san-pham/tokiwa-chemical-nov-lipstick-pn-noble-pink-spf17-pa-4934651542069 2026-08-17T00:00:00.000Z daily https://icheck.vn/san-pham/whey-protein-deluxe-2kg-7350069381187 2026-08-17T00:00:00.000Z daily https://icheck.vn/san-pham/8938523176068 2026-08-17T00:00:00.000Z daily https://icheck.vn/san-pham/6942552402816 2026-08-17T00:00:00.000Z daily https://icheck.vn/san-pham/8934562610761 2026-08-17T00:00:00.000Z daily https://icheck.vn/san-pham/6922037500053 2026-08-17T00:00:00.000Z daily https://icheck.vn/san-pham/8432825783158 2026-08-17T00:00:00.000Z daily https://icheck.vn/san-pham/but-xoa-gel-6941025142211 2026-08-17T00:00:00.000Z daily https://icheck.vn/san-pham/0018935000088 2026-08-17T00:00:00.000Z daily https://icheck.vn/san-pham/9421903548313 2026-08-17T00:00:00.000Z daily https://icheck.vn/san-pham/mat-na-lo-hoi-baroness-spunlace-mask-aloe-8809087931694 2026-08-17T00:00:00.000Z daily https://icheck.vn/san-pham/4901872083732 2026-08-17T00:00:00.000Z daily https://icheck.vn/san-pham/0010532250026 2026-08-17T00:00:00.000Z daily https://icheck.vn/san-pham/0778845508325 2026-08-17T00:00:00.000Z daily https://icheck.vn/san-pham/banh-wheat-crackers-gery-hop-200-g-8992775344262 2026-08-17T00:00:00.000Z daily https://icheck.vn/san-pham/6931127619018 2026-08-17T00:00:00.000Z daily https://icheck.vn/san-pham/0732998042822 2026-08-17T00:00:00.000Z daily https://icheck.vn/san-pham/8809571200367 2026-08-17T00:00:00.000Z daily https://icheck.vn/san-pham/musashi-carnitine-60-capsules-burning-fats-as-fuel-9314549900600 2026-08-17T00:00:00.000Z daily https://icheck.vn/san-pham/0192339947955 2026-08-17T00:00:00.000Z daily https://icheck.vn/san-pham/banh-socola-tuoi-vuong-8938528608045 2026-08-17T00:00:00.000Z daily https://icheck.vn/san-pham/5999085203657 2026-08-17T00:00:00.000Z daily https://icheck.vn/san-pham/quick-oats-breakfast-cereal-1kg-9310060012037 2026-08-17T00:00:00.000Z daily https://icheck.vn/san-pham/8938519283053 2026-08-17T00:00:00.000Z daily https://icheck.vn/san-pham/allens-snakes-alive-450g-one-size-9300605099531 2026-08-17T00:00:00.000Z daily https://icheck.vn/san-pham/4603023443289 2026-08-17T00:00:00.000Z daily https://icheck.vn/san-pham/8938508643684 2026-08-17T00:00:00.000Z daily https://icheck.vn/san-pham/topvalu-best-price-crunchy-delicious-fruit-granola-380-g-4549741422291 2026-08-17T00:00:00.000Z daily https://icheck.vn/san-pham/6934851720678 2026-08-17T00:00:00.000Z daily https://icheck.vn/san-pham/zwitsal-talkpoeder-navul-8714100140499 2026-08-17T00:00:00.000Z daily https://icheck.vn/san-pham/lancome-renergie-lift-multi-action-lifting-and-firming-eye-cream-3605971615160 2026-08-17T00:00:00.000Z daily https://icheck.vn/san-pham/6925694800757 2026-08-17T00:00:00.000Z daily https://icheck.vn/san-pham/8801117550714 2026-08-17T00:00:00.000Z daily https://icheck.vn/san-pham/keo-xit-toc-cung-lavox-nano-complex-420ml-viet-nam-8936037369426 2026-08-17T00:00:00.000Z daily https://icheck.vn/san-pham/disney-pixar-cars-fan-favorites-4-pack-team-51-ramone-maddy-0887961776836 2026-08-17T00:00:00.000Z daily https://icheck.vn/san-pham/8935259805521 2026-08-17T00:00:00.000Z daily https://icheck.vn/san-pham/6928484908213 2026-08-17T00:00:00.000Z daily https://icheck.vn/san-pham/bt21-bt21-acrylic-key-chain-ata-chimmy-tower-records-4580586470856 2026-08-17T00:00:00.000Z daily https://icheck.vn/san-pham/wangzhihe-cooking-wine-500ml-6907592001245 2026-08-17T00:00:00.000Z daily https://icheck.vn/san-pham/trunk-bag-price-trunk-bag-brand-trunk-bag-recommendation-size-taobao-overseas-4987594401757 2026-08-17T00:00:00.000Z daily https://icheck.vn/san-pham/0039374638304 2026-08-17T00:00:00.000Z daily https://icheck.vn/san-pham/kakao-friends-aura-car-air-freshener-4ml-flower-by-flora-scent-8801051019216 2026-08-17T00:00:00.000Z daily https://icheck.vn/san-pham/0888273948171 2026-08-17T00:00:00.000Z daily https://icheck.vn/san-pham/8806756000316 2026-08-17T00:00:00.000Z daily https://icheck.vn/san-pham/gigabyte-ac300w-atx-mid-tower-pc-gaming-case-4719331550707 2026-08-17T00:00:00.000Z daily https://icheck.vn/san-pham/9352403866914 2026-08-17T00:00:00.000Z daily https://icheck.vn/san-pham/maurice-balibas-seabass-shock-leader-nylon-30m-30lb-natural-yu-packet-4513498050748 2026-08-17T00:00:00.000Z daily https://icheck.vn/san-pham/qayci-boyuk-1ed-0-80qep-6943538100016 2026-08-17T00:00:00.000Z daily https://icheck.vn/san-pham/6927631708997 2026-08-17T00:00:00.000Z daily https://icheck.vn/san-pham/avenil-krem-przeciwzmarszczkowy-na-noc-ceramidy-i-witamina-c-50-ml-8033564683152 2026-08-17T00:00:00.000Z daily https://icheck.vn/san-pham/8800228690203 2026-08-17T00:00:00.000Z daily https://icheck.vn/san-pham/dexeryl-essentiel-cleansing-cream-200ml-3577056016882 2026-08-17T00:00:00.000Z daily https://icheck.vn/san-pham/0063205203812 2026-08-17T00:00:00.000Z daily https://icheck.vn/san-pham/duong-the-patisserie-de-bain-5060082258336 2026-08-17T00:00:00.000Z daily https://icheck.vn/san-pham/dentek-complete-clean-y-floss-picks-75-0047701000731 2026-08-17T00:00:00.000Z daily https://icheck.vn/san-pham/avon-care-deeply-with-aloe-lip-balms-0888761174730 2026-08-17T00:00:00.000Z daily https://icheck.vn/san-pham/4892766212188 2026-08-17T00:00:00.000Z daily https://icheck.vn/san-pham/0193585708239 2026-08-17T00:00:00.000Z daily https://icheck.vn/san-pham/ischolar-composition-book-wide-ruled-9-75-x-7-5-inches-100-sheets-cover-co-0816124011019 2026-08-17T00:00:00.000Z daily https://icheck.vn/san-pham/0887768539917 2026-08-17T00:00:00.000Z daily https://icheck.vn/san-pham/7-thoi-quen-cua-ban-tre-thanh-dat-kho-lon-tai-ban-2019-8935086848456 2026-08-17T00:00:00.000Z daily https://icheck.vn/san-pham/otos-b-903asf-anti-fog-safety-protective-anti-uv-eyewear-8806361501147 2026-08-17T00:00:00.000Z daily https://icheck.vn/san-pham/4714566050435 2026-08-17T00:00:00.000Z daily https://icheck.vn/san-pham/teranishi-chemical-magic-ink-no-500-blue-4902071510838 2026-08-17T00:00:00.000Z daily https://icheck.vn/san-pham/swanson-sulforaphane-from-broccoli-400-mcg-60-veg-capsules-0087614060484 2026-08-17T00:00:00.000Z daily https://icheck.vn/san-pham/sebamed-dry-skin-urea-acute-10-lotion-4103040002150 2026-08-17T00:00:00.000Z daily https://icheck.vn/san-pham/8935210227034 2026-08-17T00:00:00.000Z daily https://icheck.vn/san-pham/adidas-linear-core-small-holdall-blue-4059812374799 2026-08-17T00:00:00.000Z daily https://icheck.vn/san-pham/milwaukee-6-in-and-10-in-adjustable-wrench-2-pack-0045242358823 2026-08-17T00:00:00.000Z daily https://icheck.vn/san-pham/89361097707302 2026-08-17T00:00:00.000Z daily https://icheck.vn/san-pham/5000219020160 2026-08-17T00:00:00.000Z daily https://icheck.vn/san-pham/8992858893984 2026-08-17T00:00:00.000Z daily https://icheck.vn/san-pham/8809619239267 2026-08-17T00:00:00.000Z daily https://icheck.vn/san-pham/0192222742162 2026-08-17T00:00:00.000Z daily https://icheck.vn/san-pham/folie-protectie-ecran-anank-tempered-glass-3d-pt-apple-iphone-11-pro-max-black-6972024650933 2026-08-17T00:00:00.000Z daily https://icheck.vn/san-pham/0667888387724 2026-08-17T00:00:00.000Z daily https://icheck.vn/san-pham/daesang-chung-june-one-spicy-braised-chicken-marinade-280g-8801052752631 2026-08-17T00:00:00.000Z daily https://icheck.vn/san-pham/8801046988985 2026-08-17T00:00:00.000Z daily https://icheck.vn/san-pham/uni-highlighter-reg-pus101t-green-dual-4902778184202 2026-08-17T00:00:00.000Z daily https://icheck.vn/san-pham/obsession-for-men-by-secret-plus-3-4-fl-oz-100-ml-0819929010980 2026-08-17T00:00:00.000Z daily https://icheck.vn/san-pham/4610030614366 2026-08-17T00:00:00.000Z daily https://icheck.vn/san-pham/shiseido-elixir-superieur-lift-moist-lotion-t2-j-moist-mini-bottle-30ml-4901872099597 2026-08-17T00:00:00.000Z daily https://icheck.vn/san-pham/8936115430185 2026-08-17T00:00:00.000Z daily https://icheck.vn/san-pham/kanebo-mellow-rich-oil-cleansing-180ml-skin-care-japan-4973167158791 2026-08-17T00:00:00.000Z daily https://icheck.vn/san-pham/3660815012079 2026-08-17T00:00:00.000Z daily https://icheck.vn/san-pham/0192662513919 2026-08-17T00:00:00.000Z daily https://icheck.vn/san-pham/0722573313713 2026-08-17T00:00:00.000Z daily https://icheck.vn/san-pham/0041689303068 2026-08-17T00:00:00.000Z daily https://icheck.vn/san-pham/-mona-frem-a-tinh-chat-nuoc-tu-khoa-cms-50ml-4712274990746 2026-08-17T00:00:00.000Z daily https://icheck.vn/san-pham/matte-stick-lip-stick-by-absolute-ny-nfa-55-burgundy-0888432070552 2026-08-17T00:00:00.000Z daily https://icheck.vn/san-pham/6956116774585 2026-08-17T00:00:00.000Z daily https://icheck.vn/san-pham/victoria-s-secret-mystic-lover-fragrance-body-lotion-236ml-0667550494446 2026-08-17T00:00:00.000Z daily https://icheck.vn/san-pham/6970553366790 2026-08-17T00:00:00.000Z daily https://icheck.vn/san-pham/8934712702704 2026-08-17T00:00:00.000Z daily https://icheck.vn/san-pham/asap-daily-exfoliating-facial-scrub-200ml-0815870014381 2026-08-17T00:00:00.000Z daily https://icheck.vn/san-pham/-used-sim-free-iphonese-64gb-gold-simm-free-eyephone-se-gold-iron-4549995083750 2026-08-17T00:00:00.000Z daily https://icheck.vn/san-pham/4752050202724 2026-08-17T00:00:00.000Z daily https://icheck.vn/san-pham/bebe-sensitive-cremedusche-3574661384429 2026-08-17T00:00:00.000Z daily https://icheck.vn/san-pham/4841883000536 2026-08-17T00:00:00.000Z daily https://icheck.vn/san-pham/6957376009691 2026-08-17T00:00:00.000Z daily https://icheck.vn/san-pham/0050428303092 2026-08-17T00:00:00.000Z daily https://icheck.vn/san-pham/opd-open-product-data-0028000213190 2026-08-17T00:00:00.000Z daily https://icheck.vn/san-pham/4960664610037 2026-08-17T00:00:00.000Z daily https://icheck.vn/san-pham/6955611640265 2026-08-17T00:00:00.000Z daily https://icheck.vn/san-pham/bo-2-goi-hat-giong-bau-ho-lo-goi-1g-8681833454608 2026-08-17T00:00:00.000Z daily https://icheck.vn/san-pham/serum-kiem-lot-a-pieu-first-glow-no-2-volume-fit-8809530069578 2026-08-17T00:00:00.000Z daily https://icheck.vn/san-pham/8935072823030 2026-08-17T00:00:00.000Z daily https://icheck.vn/san-pham/corbi-gold-baby-pro-900gr-danh-cho-tre-1-den-3-tuoi-phat-trien-toan-dien-8938528020021 2026-08-17T00:00:00.000Z daily https://icheck.vn/san-pham/8852788060101 2026-08-17T00:00:00.000Z daily https://icheck.vn/san-pham/tai-nghe-nhet-tai-sony-mdr-ex14ap-den-4548736080133 2026-08-17T00:00:00.000Z daily https://icheck.vn/san-pham/6902252840431 2026-08-17T00:00:00.000Z daily https://icheck.vn/san-pham/6941349309178 2026-08-17T00:00:00.000Z daily https://icheck.vn/san-pham/6943781161536 2026-08-17T00:00:00.000Z daily https://icheck.vn/san-pham/xit-hong-chong-viem-chong-ho-kobayashi-cho-tre-4987072044070 2026-08-17T00:00:00.000Z daily https://icheck.vn/san-pham/adidas-nite-jogger-white-4060512045292 2026-08-17T00:00:00.000Z daily https://icheck.vn/san-pham/swarovski-crystaldust-ring-cross-9009653484077 2026-08-17T00:00:00.000Z daily https://icheck.vn/san-pham/shiseido-cle-de-peau-beaute-sowan-uv-rable-4g-4514254044094 2026-08-17T00:00:00.000Z daily https://icheck.vn/san-pham/8034094336532 2026-08-17T00:00:00.000Z daily https://icheck.vn/san-pham/thuoc-15-cm-voi-mot-ban-ve-cua-trung-quoc-6954459750068 2026-08-17T00:00:00.000Z daily https://icheck.vn/san-pham/-new-panasonic-es3833-battery-compact-travel-shaver-razor-8887549300417 2026-08-17T00:00:00.000Z daily https://icheck.vn/san-pham/-b-happy-hi-bleach-powder-lotion-10g-30ml-8806050289455 2026-08-17T00:00:00.000Z daily https://icheck.vn/san-pham/7020104634089 2026-08-17T00:00:00.000Z daily https://icheck.vn/san-pham/6905605848689 2026-08-17T00:00:00.000Z daily https://icheck.vn/san-pham/8938529775036 2026-08-17T00:00:00.000Z daily https://icheck.vn/san-pham/6942811877508 2026-08-17T00:00:00.000Z daily https://icheck.vn/san-pham/5901018005696 2026-08-17T00:00:00.000Z daily https://icheck.vn/san-pham/6924588901112 2026-08-17T00:00:00.000Z daily https://icheck.vn/san-pham/0609332840416 2026-08-17T00:00:00.000Z daily https://icheck.vn/san-pham/6931474711878 2026-08-17T00:00:00.000Z daily https://icheck.vn/san-pham/8935267451666 2026-08-17T00:00:00.000Z daily https://icheck.vn/san-pham/6970103857822 2026-08-17T00:00:00.000Z daily https://icheck.vn/san-pham/0193642233971 2026-08-17T00:00:00.000Z daily https://icheck.vn/san-pham/6916999215216 2026-08-17T00:00:00.000Z daily https://icheck.vn/san-pham/0766989000171 2026-08-17T00:00:00.000Z daily https://icheck.vn/san-pham/8934563140540 2026-08-17T00:00:00.000Z daily https://icheck.vn/san-pham/4901417684950 2026-08-17T00:00:00.000Z daily https://icheck.vn/san-pham/0190205400757 2026-08-17T00:00:00.000Z daily https://icheck.vn/san-pham/0031528000050 2026-08-17T00:00:00.000Z daily https://icheck.vn/san-pham/6950566192869 2026-08-17T00:00:00.000Z daily https://icheck.vn/san-pham/8935221181516 2026-08-17T00:00:00.000Z daily https://icheck.vn/san-pham/8809025914383 2026-08-17T00:00:00.000Z daily https://icheck.vn/san-pham/6957659003910 2026-08-17T00:00:00.000Z daily https://icheck.vn/san-pham/8935000531611 2026-08-17T00:00:00.000Z daily https://icheck.vn/san-pham/4250469914240 2026-08-17T00:00:00.000Z daily https://icheck.vn/san-pham/8806456021741 2026-08-17T00:00:00.000Z daily https://icheck.vn/san-pham/6921042105703 2026-08-17T00:00:00.000Z daily https://icheck.vn/san-pham/4549317933732 2026-08-17T00:00:00.000Z daily https://icheck.vn/san-pham/0883412308953 2026-08-17T00:00:00.000Z daily https://icheck.vn/san-pham/8852616201027 2026-08-17T00:00:00.000Z daily https://icheck.vn/san-pham/4991348006006 2026-08-17T00:00:00.000Z daily https://icheck.vn/san-pham/0070014677093 2026-08-17T00:00:00.000Z daily https://icheck.vn/san-pham/8934609203499 2026-08-17T00:00:00.000Z daily https://icheck.vn/san-pham/6927662890128 2026-08-17T00:00:00.000Z daily https://icheck.vn/san-pham/6945701605878 2026-08-17T00:00:00.000Z daily https://icheck.vn/san-pham/4029049773061 2026-08-17T00:00:00.000Z daily https://icheck.vn/san-pham/0041689190453 2026-08-17T00:00:00.000Z daily https://icheck.vn/san-pham/8936143728254 2026-08-17T00:00:00.000Z daily https://icheck.vn/san-pham/0190541914215 2026-08-17T00:00:00.000Z daily https://icheck.vn/san-pham/8809512803909 2026-08-17T00:00:00.000Z daily https://icheck.vn/san-pham/4062052063002 2026-08-17T00:00:00.000Z daily https://icheck.vn/san-pham/3274443660665 2026-08-17T00:00:00.000Z daily https://icheck.vn/san-pham/8852529319833 2026-08-17T00:00:00.000Z daily https://icheck.vn/san-pham/0813567025986 2026-08-17T00:00:00.000Z daily https://icheck.vn/san-pham/sua-yen-tre-em-dao-viet-70ml-loc-6-8938529319056 2026-08-17T00:00:00.000Z daily https://icheck.vn/san-pham/sua-bebivita-so-1-cho-tre-so-sinh-500g-4018852020813 2026-08-17T00:00:00.000Z daily https://icheck.vn/san-pham/witouch-pro-wireless-bluetooth-tens-unit-includes-3-pairs-of-reusable-gel-pads-0853096004007 2026-08-17T00:00:00.000Z daily https://icheck.vn/san-pham/mcdodo-lightning-usb-cable-for-iphone-xs-x-8-7-6-5-auto-disconnect-charger-cable-0610214654878 2026-08-17T00:00:00.000Z daily https://icheck.vn/san-pham/duong-am-son-park-beauty-gel-330ml-8801942030023 2026-08-17T00:00:00.000Z daily https://icheck.vn/san-pham/kem-duong-da-cho-da-binh-thuong-va-kho-almond-4810153007575 2026-08-17T00:00:00.000Z daily https://icheck.vn/san-pham/clinique-deep-comfort-hand-creme-75-ml-body-lotion-100-ml-set-0020714815202 2026-08-17T00:00:00.000Z daily https://icheck.vn/san-pham/balea-men-tagespflege-active-care-24h-feuchtigkeitsspendend-75-ml-4010355039293 2026-08-17T00:00:00.000Z daily https://icheck.vn/san-pham/hat-macca-tay-nguyen-500g-24t-t-8938528224467 2026-08-17T00:00:00.000Z daily https://icheck.vn/san-pham/ducato-natural-nail-color-n-28-strawberry-mousse-4901604693536 2026-08-17T00:00:00.000Z daily https://icheck.vn/san-pham/very-valentino-by-valentino-for-women-0737052174464 2026-08-17T00:00:00.000Z daily https://icheck.vn/san-pham/kraft-thousand-island-fat-free-dressing-16-fl-oz-bottle-0021000642731 2026-08-17T00:00:00.000Z daily https://icheck.vn/san-pham/ban-tu-cong-bo-san-pham-simple-plastic-water-bottle-410-ml-6941501541934 2026-08-17T00:00:00.000Z daily https://icheck.vn/san-pham/3m-cubitron-ii-clean-sanding-hookit-abrasive-disc-6-inch-80-grade-31371-x-5-0051131313712 2026-08-17T00:00:00.000Z daily https://icheck.vn/san-pham/toshiba-bl-60phnmy-600w-powerful-motor-blender-6971546341343 2026-08-17T00:00:00.000Z daily https://icheck.vn/san-pham/dr-brandt-house-calls-microdermabrasion-exfoliating-face-0663963007228 2026-08-17T00:00:00.000Z daily https://icheck.vn/san-pham/forte-pharma-energy-acerola-60-tablets-to-crunch-3700221312681 2026-08-17T00:00:00.000Z daily https://icheck.vn/san-pham/but-gel-officetex-ot-gp005bu-muc-xanh-8935276451367 2026-08-17T00:00:00.000Z daily https://icheck.vn/san-pham/little-baby-blooming-bloom-aloe-jelly-scrub-8859348100109 2026-08-17T00:00:00.000Z daily https://icheck.vn/san-pham/bo-co-rua-binh-va-num-ty-silicone-mother-k-han-quoc-do-8809323136524 2026-08-17T00:00:00.000Z daily https://icheck.vn/san-pham/pen-butterflies-color-changing-gel-ink-blue-block-48pcs-6971001763178 2026-08-17T00:00:00.000Z daily https://icheck.vn/san-pham/spiel-bluetooth-2-1-multimedia-speaker-with-80-watts-of-peak-power-4260411270461 2026-08-17T00:00:00.000Z daily https://icheck.vn/san-pham/trai-cay-say-kho-hang-ngay-25g-8809022204319 2026-08-17T00:00:00.000Z daily https://icheck.vn/san-pham/quan-short-the-thao-nam-m4t-3-soc-4061615154454 2026-08-17T00:00:00.000Z daily https://icheck.vn/san-pham/primeal-organic-and-gluten-free-quinoa-real-3380380076428 2026-08-17T00:00:00.000Z daily https://icheck.vn/san-pham/findkapoor-findkapoor-pink-blend-pingo-bag-set-8809572810091 2026-08-17T00:00:00.000Z daily https://icheck.vn/san-pham/ruou-vang-guardia-dei-mori-montepulciano-d-abruzzo-doc-8005286024841 2026-08-17T00:00:00.000Z daily https://icheck.vn/san-pham/fox-40-classic-cmg-whistle-with-lanyard-referee-coach-safety-alert-org-3-pack-0066143290104 2026-08-17T00:00:00.000Z daily https://icheck.vn/san-pham/wella-illumina-mau-80g-pha-le-1-dai-ly-8005610421537 2026-08-17T00:00:00.000Z daily https://icheck.vn/san-pham/coach-f27583-mini-sierra-saddle-satchel-khaki-0191202427006 2026-08-17T00:00:00.000Z daily https://icheck.vn/san-pham/aaa-aroma-black-pepper-ginger-luxury-bath-and-shower-gel-0639136923602 2026-08-17T00:00:00.000Z daily https://icheck.vn/san-pham/mens-christian-louboutin-shoes-3607416438990 2026-08-17T00:00:00.000Z daily https://icheck.vn/san-pham/st-ives-scrub-fresh-skin-apricot-6-oz-00077043113554 2026-08-17T00:00:00.000Z daily https://icheck.vn/san-pham/big-peat-whisky-0-7l-in-a-tube-5014218776256 2026-08-17T00:00:00.000Z daily https://icheck.vn/san-pham/imedeen-hair-and-nails-follifix-5700666020972 2026-08-17T00:00:00.000Z daily https://icheck.vn/san-pham/dien-thoai-di-dong-vsmart-live-mau-trang-8935287000783 2026-08-17T00:00:00.000Z daily https://icheck.vn/san-pham/express-repair-sp-lung-ultimate-repair-4015100201956 2026-08-17T00:00:00.000Z daily https://icheck.vn/san-pham/deep-pore-exfoliating-fask-mask-7-1-oz-0858215006337 2026-08-17T00:00:00.000Z daily https://icheck.vn/san-pham/dr-althea-lightening-shot-cream-8809447251639 2026-08-17T00:00:00.000Z daily https://icheck.vn/san-pham/classicen-refresh-body-soap-sea-mud-combination-refillable-10-increase-in-quantity-418-ml-4901417169501 2026-08-17T00:00:00.000Z daily https://icheck.vn/san-pham/elixir-superier-them-bo-trai-nghiem-tsuyama-4901872956630 2026-08-17T00:00:00.000Z daily https://icheck.vn/san-pham/clearly-corrective-clarity-booster-hydration-mask-5pcs-4935421696890 2026-08-17T00:00:00.000Z daily https://icheck.vn/san-pham/badmintonschoen-shb-65x2-dames-wit-oranje-4550086480716 2026-08-17T00:00:00.000Z daily https://icheck.vn/san-pham/piece-set-gift-box-facial-set-box-ms-moisturizing-hydrating-6922201310952 2026-08-17T00:00:00.000Z daily https://icheck.vn/san-pham/tr214-mbk-gy-ks-1000000000097 2026-08-17T00:00:00.000Z daily https://icheck.vn/san-pham/korean-red-ginseng-ganoderma-lucidum-extract-gold-100g-8809211741830 2026-08-17T00:00:00.000Z daily https://icheck.vn/san-pham/kem-nen-essential-cc-cream-whoo-8801051354980 2026-08-17T00:00:00.000Z daily https://icheck.vn/san-pham/marion-love-holo-moisturizing-face-serum-glow-effect-5902853014034 2026-08-17T00:00:00.000Z daily https://icheck.vn/san-pham/-fascy-moisture-bomb-hand-cream-80ml-grapefruit-8809392416664 2026-08-17T00:00:00.000Z daily https://icheck.vn/san-pham/amie-oliver-hot-chilli-pepper-mill-170g-5030101015905 2026-08-17T00:00:00.000Z daily https://icheck.vn/san-pham/golden-silk-queen-chrysanthemum-100-6971463161116 2026-08-17T00:00:00.000Z daily https://icheck.vn/san-pham/montblanc-brown-gradient-aviator-sunglasses-mb657s-32f-61-0664689824700 2026-08-17T00:00:00.000Z daily https://icheck.vn/san-pham/adidas-originals-4061622749483 2026-08-17T00:00:00.000Z daily https://icheck.vn/san-pham/whisky-johnnie-walker-red-label-40-0-7l-5000267168784 2026-08-17T00:00:00.000Z daily https://icheck.vn/san-pham/skf-6230-leader-bearing-7316577297532 2026-08-17T00:00:00.000Z daily https://icheck.vn/san-pham/gillette-fusion-flexball-razor-black-with-2-blade-7702018390656 2026-08-17T00:00:00.000Z daily https://icheck.vn/san-pham/bot-tan-long-may-yellow-brown-lb-re-1-4549339701814 2026-08-17T00:00:00.000Z daily https://icheck.vn/san-pham/dewalt-steel-driving-bit-set-70-piece-0885911598231 2026-08-17T00:00:00.000Z daily https://icheck.vn/san-pham/kem-nam-chuyen-sau-8938523471088 2026-08-17T00:00:00.000Z daily https://icheck.vn/san-pham/vita-alto-ace-100-ml-4962307064801 2026-08-17T00:00:00.000Z daily https://icheck.vn/san-pham/thompson-nuplex-multivitamin-with-iron-90-tablets-0031315192258 2026-08-17T00:00:00.000Z daily https://icheck.vn/san-pham/thuoc-tru-sau-biokill-8806022160591 2026-08-17T00:00:00.000Z daily https://icheck.vn/san-pham/mitchell-ness-vancouver-grizzlies-nba-snapback-cap-0886836070567 2026-08-17T00:00:00.000Z daily https://icheck.vn/san-pham/harry-s-foaming-shave-gel-standard-100ml-0855380004267 2026-08-17T00:00:00.000Z daily https://icheck.vn/san-pham/secret-outlast-with-xtend-technology-invisible-solid-women-s-0037000810681 2026-08-17T00:00:00.000Z daily https://icheck.vn/san-pham/sua-rua-mat-round-lab-1025-dokdo-cleanser-150ml-8809390128118 2026-08-17T00:00:00.000Z daily https://icheck.vn/san-pham/6942583501168 2026-08-17T00:00:00.000Z daily https://icheck.vn/san-pham/28801037019661 2026-08-17T00:00:00.000Z daily https://icheck.vn/san-pham/8936122961948 2026-08-17T00:00:00.000Z daily https://icheck.vn/san-pham/8936067597905 2026-08-17T00:00:00.000Z daily https://icheck.vn/san-pham/6971808582613 2026-08-17T00:00:00.000Z daily https://icheck.vn/san-pham/8809482363519 2026-08-17T00:00:00.000Z daily https://icheck.vn/san-pham/0099455009997 2026-08-17T00:00:00.000Z daily https://icheck.vn/san-pham/03046743172014 2026-08-17T00:00:00.000Z daily https://icheck.vn/san-pham/8935096263546 2026-08-17T00:00:00.000Z daily https://icheck.vn/san-pham/9311769005160 2026-08-17T00:00:00.000Z daily https://icheck.vn/san-pham/0043100102014 2026-08-17T00:00:00.000Z daily https://icheck.vn/san-pham/5600292660170 2026-08-17T00:00:00.000Z daily https://icheck.vn/san-pham/8809514088069 2026-08-17T00:00:00.000Z daily https://icheck.vn/san-pham/8936115431113 2026-08-17T00:00:00.000Z daily https://icheck.vn/san-pham/8807001094883 2026-08-17T00:00:00.000Z daily https://icheck.vn/san-pham/0800307811312 2026-08-17T00:00:00.000Z daily https://icheck.vn/san-pham/0718386123465 2026-08-17T00:00:00.000Z daily https://icheck.vn/san-pham/3660989212336 2026-08-17T00:00:00.000Z daily https://icheck.vn/san-pham/4710993909070 2026-08-17T00:00:00.000Z daily https://icheck.vn/san-pham/6931647000341 2026-08-17T00:00:00.000Z daily https://icheck.vn/san-pham/8809539862880 2026-08-17T00:00:00.000Z daily https://icheck.vn/san-pham/6936540810080 2026-08-17T00:00:00.000Z daily https://icheck.vn/san-pham/8809589770142 2026-08-17T00:00:00.000Z daily https://icheck.vn/san-pham/4060518495671 2026-08-17T00:00:00.000Z daily https://icheck.vn/san-pham/4560127234925 2026-08-17T00:00:00.000Z daily https://icheck.vn/san-pham/4945022862167 2026-08-17T00:00:00.000Z daily https://icheck.vn/san-pham/0700083532572 2026-08-17T00:00:00.000Z daily https://icheck.vn/san-pham/6940078300562 2026-08-17T00:00:00.000Z daily https://icheck.vn/san-pham/bantako-8936085367290 2026-08-17T00:00:00.000Z daily https://icheck.vn/san-pham/8809647260059 2026-08-17T00:00:00.000Z daily https://icheck.vn/san-pham/8886454341973 2026-08-17T00:00:00.000Z daily https://icheck.vn/san-pham/8858994409369 2026-08-17T00:00:00.000Z daily https://icheck.vn/san-pham/4061616999443 2026-08-17T00:00:00.000Z daily https://icheck.vn/san-pham/16921734920314 2026-08-17T00:00:00.000Z daily https://icheck.vn/san-pham/8809612854139 2026-08-17T00:00:00.000Z daily https://icheck.vn/san-pham/8806090093722 2026-08-17T00:00:00.000Z daily https://icheck.vn/san-pham/8809270475653 2026-08-17T00:00:00.000Z daily https://icheck.vn/san-pham/nike-air-max-1-0192499371454 2026-08-17T00:00:00.000Z daily https://icheck.vn/san-pham/regular-mask-overhead-483330016-4976366004401 2026-08-17T00:00:00.000Z daily https://icheck.vn/san-pham/w-zne-pt-4059807755237 2026-08-17T00:00:00.000Z daily https://icheck.vn/san-pham/dau-phu-asahi-moi-4901139142271 2026-08-17T00:00:00.000Z daily https://icheck.vn/san-pham/antwerpse-brouw-comp-nonkel-pater-5425031010418 2026-08-17T00:00:00.000Z daily https://icheck.vn/san-pham/loacker-wafer-cocoa-45g-8000380000265 2026-08-17T00:00:00.000Z daily https://icheck.vn/san-pham/son-cao-cap-color8-8938520480137 2026-08-17T00:00:00.000Z daily https://icheck.vn/san-pham/damage-deep-moisture-cream-50ml-8809287608839 2026-08-17T00:00:00.000Z daily https://icheck.vn/san-pham/ao-thun-adidas-4060515978313 2026-08-17T00:00:00.000Z daily https://icheck.vn/san-pham/lacoste-l30-slide-5012123302720 2026-08-17T00:00:00.000Z daily https://icheck.vn/san-pham/puma-bridger-men-s-sneakers-4059504884490 2026-08-17T00:00:00.000Z daily https://icheck.vn/san-pham/chateau-des-muraires-3760118600918 2026-08-17T00:00:00.000Z daily https://icheck.vn/san-pham/the-body-shop-5028197941918 2026-08-17T00:00:00.000Z daily https://icheck.vn/san-pham/a-c-e-short-sleeve-men-s-training-top-4060981600947 2026-08-17T00:00:00.000Z daily https://icheck.vn/san-pham/panadol-pore-500-mg-7046264126301 2026-08-17T00:00:00.000Z daily https://icheck.vn/san-pham/fd-i220-2-4g-wireless-mouse-black-6957659003903 2026-08-17T00:00:00.000Z daily https://icheck.vn/san-pham/vigor-milk-weight-gain-8936187421036 2026-08-17T00:00:00.000Z daily https://icheck.vn/san-pham/sharpening-star-plastic-container-2-apsn1227-m-g-6941025178906 2026-08-17T00:00:00.000Z daily https://icheck.vn/san-pham/reebok-trainingsschuhe-4061624388710 2026-08-17T00:00:00.000Z daily https://icheck.vn/san-pham/glucosamin-50v-8938526289246 2026-08-17T00:00:00.000Z daily https://icheck.vn/san-pham/bo-5-but-bi-4560408910463 2026-08-17T00:00:00.000Z daily https://icheck.vn/san-pham/gan-ngong-100g-4690363036660 2026-08-17T00:00:00.000Z daily https://icheck.vn/san-pham/serum-mun-bha-cecinic-30ml-8936089075009 2026-08-17T00:00:00.000Z daily https://icheck.vn/san-pham/kuldne-mask-125ml-8699954701969 2026-08-17T00:00:00.000Z daily https://icheck.vn/san-pham/mango-metallic-pleated-rock-8431729824714 2026-08-17T00:00:00.000Z daily https://icheck.vn/san-pham/revlon-matte-powder-blush-004-barely-buff-0309971409042 2026-08-17T00:00:00.000Z daily https://icheck.vn/san-pham/body-attack-extreme-instant-eaa-500g-4250350537329 2026-08-17T00:00:00.000Z daily https://icheck.vn/san-pham/wakame-seaweed-4904561010811 2026-08-17T00:00:00.000Z daily https://icheck.vn/san-pham/rock-salt-1kg-4582152494020 2026-08-17T00:00:00.000Z daily https://icheck.vn/san-pham/natiris-calcoral-60-capsulas-5601436104918 2026-08-17T00:00:00.000Z daily https://icheck.vn/san-pham/cry-babies-magic-tears-blind-bottle-8421134098442 2026-08-17T00:00:00.000Z daily https://icheck.vn/san-pham/kem-danh-rang-aquafresh-5054563026804 2026-08-17T00:00:00.000Z daily https://icheck.vn/san-pham/vien-kho-p-global-8938529218045 2026-08-17T00:00:00.000Z daily https://icheck.vn/san-pham/nassmei-baking-soda-toothpaste-pink-6971933201021 2026-08-17T00:00:00.000Z daily https://icheck.vn/san-pham/wireless-all-in-one-printer-with-scanner-and-copier-mobile-and-tablet-printing-0013803290578 2026-08-17T00:00:00.000Z daily https://icheck.vn/san-pham/fenistil-gel-9088880622117 2026-08-17T00:00:00.000Z daily https://icheck.vn/san-pham/nuoc-uong-dong-chai-cool-8938529404028 2026-08-17T00:00:00.000Z daily https://icheck.vn/san-pham/tinh-dau-ice-pop-0842600111409 2026-08-17T00:00:00.000Z daily https://icheck.vn/san-pham/maybelline-matte-lipstick-3600531464189 2026-08-17T00:00:00.000Z daily https://icheck.vn/san-pham/rbk-af5-grn-cs-1000000000163 2026-08-17T00:00:00.000Z daily https://icheck.vn/san-pham/vintage-kitchen-machine-ariete-en-8003705116016 2026-08-17T00:00:00.000Z daily https://icheck.vn/san-pham/collagen-caps-5999100000513 2026-08-17T00:00:00.000Z daily https://icheck.vn/san-pham/yamaha-silver-polish-4513744020112 2026-08-17T00:00:00.000Z daily https://icheck.vn/san-pham/scott-perform-evo-hy-4-backpack-7613368433026 2026-08-17T00:00:00.000Z daily https://icheck.vn/san-pham/-rearar-dia-force-hydro-gel-eye-patch-m-ruby-84g-8809501400225 2026-08-17T00:00:00.000Z daily https://icheck.vn/san-pham/cuc-phat-wifi-4719331806453 2026-08-17T00:00:00.000Z daily https://icheck.vn/san-pham/joy-con-controller-pair-neon-yellow-nintendo-switch-0045496430726 2026-08-17T00:00:00.000Z daily https://icheck.vn/san-pham/hp-toner-module-26a-black-0889296154761 2026-08-17T00:00:00.000Z daily https://icheck.vn/san-pham/sushi-rice-4770351712582 2026-08-17T00:00:00.000Z daily https://icheck.vn/san-pham/la-roche-posay-3612620484220 2026-08-17T00:00:00.000Z daily https://icheck.vn/san-pham/balea-seidenglanzshampoo-4010355059154 2026-08-17T00:00:00.000Z daily https://icheck.vn/san-pham/belvita-breakfast-7622210289995 2026-08-17T00:00:00.000Z daily https://icheck.vn/san-pham/hat-dieu-rang-cui-8938528660005 2026-08-17T00:00:00.000Z daily https://icheck.vn/san-pham/moisturizing-water-essence-4528620200595 2026-08-17T00:00:00.000Z daily https://icheck.vn/san-pham/son-lam-dai-phuc-8936184130122 2026-08-17T00:00:00.000Z daily https://icheck.vn/san-pham/tp-link-hs100-smart-wi-fi-plug-0842776104748 2026-08-17T00:00:00.000Z daily https://icheck.vn/san-pham/biotherm-3614272079717 2026-08-17T00:00:00.000Z daily https://icheck.vn/san-pham/da-diding-capsule-phu-tro-6905273029038 2026-08-17T00:00:00.000Z daily https://icheck.vn/san-pham/kenneth-cole-reaction-mens-square-clear-crystal-sunglass-kc1301-26e-0664689908189 2026-08-17T00:00:00.000Z daily https://icheck.vn/san-pham/lyajin-5min-relaxing-mask-madecassoside-korean-cosmetics-8809511981417 2026-08-17T00:00:00.000Z daily https://icheck.vn/san-pham/ysl-la-nuit-de-l-homme-eau-electrique-2-oz-edt-3614271664778 2026-08-17T00:00:00.000Z daily https://icheck.vn/san-pham/tender-rose-moisturizing-serum-6950109203403 2026-08-17T00:00:00.000Z daily https://icheck.vn/san-pham/ifm-zylindersensor-mfh200-4021179278225 2026-08-17T00:00:00.000Z daily https://icheck.vn/san-pham/-adowarka-aukey-cc-y1-0601629298610 2026-08-17T00:00:00.000Z daily https://icheck.vn/san-pham/fruit-and-grain-bars-0041498150198 2026-08-17T00:00:00.000Z daily https://icheck.vn/san-pham/q-q-s279j304y-kad-n-kol-saati-4966006825176 2026-08-17T00:00:00.000Z daily https://icheck.vn/san-pham/-eau-d-issey-by-issey-miyake-for-women-3423474835751 2026-08-17T00:00:00.000Z daily https://icheck.vn/san-pham/maybelline-superstay-24-matte-ink-lipstick-30-romantic-5ml-3600531411138 2026-08-17T00:00:00.000Z daily https://icheck.vn/san-pham/binh-sua-bang-nhua-khong-co-bpa-ave-8710103881322 2026-08-17T00:00:00.000Z daily https://icheck.vn/san-pham/details-about-casio-ladies-standard-analog-watch-ltpe156b-1a-4549526209017 2026-08-17T00:00:00.000Z daily https://icheck.vn/san-pham/miyama-kampo-duoc-luu-pueraria-o-maca-300-4515625201177 2026-08-17T00:00:00.000Z daily https://icheck.vn/san-pham/michael-kors-jet-set-travel-continental-wallet-leather-ballet-0191262327179 2026-08-17T00:00:00.000Z daily https://icheck.vn/san-pham/live-clean-baby-soothing-oat-diaper-ointment-0065743325179 2026-08-17T00:00:00.000Z daily https://icheck.vn/san-pham/mi-tre-em-tokyo-noodle-vi-toi-120g-4906871020016 2026-08-17T00:00:00.000Z daily https://icheck.vn/san-pham/air-zoom-pegasus-35-hardloopschoenen-petrol-0666032743010 2026-08-17T00:00:00.000Z daily https://icheck.vn/san-pham/santa-noodle-sauce-pickled-mustard-green-with-wild-chilli-6920368420613 2026-08-17T00:00:00.000Z daily https://icheck.vn/san-pham/nordic-naturals-baby-s-dha-supports-brain-and-visual-development-2-ounces-0768990760501 2026-08-17T00:00:00.000Z daily https://icheck.vn/san-pham/ca-chua-nghien-huu-co-naturata-4024297158110 2026-08-17T00:00:00.000Z daily https://icheck.vn/san-pham/nivea-hairmilk-regenerating-leave-in-conditioner-200ml-4005900451590 2026-08-17T00:00:00.000Z daily https://icheck.vn/san-pham/mitomo-urus-skin-care-mask-mt101-c-1-7-mieng-4582419532656 2026-08-17T00:00:00.000Z daily https://icheck.vn/san-pham/bn-khong-gau-dx-loai-rong-2-to-4965266079978 2026-08-17T00:00:00.000Z daily https://icheck.vn/san-pham/afinador-elec-clip-musedo-t-29g-encendido-automatico-6936257204011 2026-08-17T00:00:00.000Z daily https://icheck.vn/san-pham/sundance-sonnenspray-med-ultra-sensitiv-lsf-30-4058172060311 2026-08-17T00:00:00.000Z daily https://icheck.vn/san-pham/orchvalley-ovh-trlmx-alm-cshw-crnbr-1-85-oz-0824295136417 2026-08-17T00:00:00.000Z daily https://icheck.vn/san-pham/ziaja-10-d-panthenolu-w-piance-150-ml-5901887043058 2026-08-17T00:00:00.000Z daily https://icheck.vn/san-pham/anne-klein-gold-pink-blush-resin-2-tone-bangle-crystals-mop-0086702619917 2026-08-17T00:00:00.000Z daily https://icheck.vn/san-pham/8697957657481 2026-08-17T00:00:00.000Z daily https://icheck.vn/san-pham/0190199223820 2026-08-17T00:00:00.000Z daily https://icheck.vn/san-pham/0680196620796 2026-08-17T00:00:00.000Z daily https://icheck.vn/san-pham/8808929110792 2026-08-17T00:00:00.000Z daily https://icheck.vn/san-pham/25011666727445 2026-08-17T00:00:00.000Z daily https://icheck.vn/san-pham/3482350000256 2026-08-17T00:00:00.000Z daily https://icheck.vn/san-pham/4549317439128 2026-08-17T00:00:00.000Z daily https://icheck.vn/san-pham/6901435931034 2026-08-17T00:00:00.000Z daily https://icheck.vn/san-pham/6930407980022 2026-08-17T00:00:00.000Z daily https://icheck.vn/san-pham/8850943533705 2026-08-17T00:00:00.000Z daily https://icheck.vn/san-pham/8886351303166 2026-08-17T00:00:00.000Z daily https://icheck.vn/san-pham/8938527095098 2026-08-17T00:00:00.000Z daily https://icheck.vn/san-pham/8935281751063 2026-08-17T00:00:00.000Z daily https://icheck.vn/san-pham/6904239289806 2026-08-17T00:00:00.000Z daily https://icheck.vn/san-pham/8936059649032 2026-08-17T00:00:00.000Z daily https://icheck.vn/san-pham/8595249108294 2026-08-17T00:00:00.000Z daily https://icheck.vn/san-pham/6945915883116 2026-08-17T00:00:00.000Z daily https://icheck.vn/san-pham/0767336871109 2026-08-17T00:00:00.000Z daily https://icheck.vn/san-pham/8809476030236 2026-08-17T00:00:00.000Z daily https://icheck.vn/san-pham/4005800196997 2026-08-17T00:00:00.000Z daily https://icheck.vn/san-pham/0754642284419 2026-08-17T00:00:00.000Z daily https://icheck.vn/san-pham/0309971415272 2026-08-17T00:00:00.000Z daily https://icheck.vn/san-pham/6901664020615 2026-08-17T00:00:00.000Z daily https://icheck.vn/san-pham/8809338564626 2026-08-17T00:00:00.000Z daily https://icheck.vn/san-pham/8809004454053 2026-08-17T00:00:00.000Z daily https://icheck.vn/san-pham/8934700449970 2026-08-17T00:00:00.000Z daily https://icheck.vn/san-pham/6941665709478 2026-08-17T00:00:00.000Z daily https://icheck.vn/san-pham/6970525430825 2026-08-17T00:00:00.000Z daily https://icheck.vn/san-pham/8936120741382 2026-08-17T00:00:00.000Z daily https://icheck.vn/san-pham/8934775010439 2026-08-17T00:00:00.000Z daily https://icheck.vn/san-pham/6930853385631 2026-08-17T00:00:00.000Z daily https://icheck.vn/san-pham/4260460828477 2026-08-17T00:00:00.000Z daily https://icheck.vn/san-pham/8935074112507 2026-08-17T00:00:00.000Z daily https://icheck.vn/san-pham/0191928801661 2026-08-17T00:00:00.000Z daily https://icheck.vn/san-pham/8938529893913 2026-08-17T00:00:00.000Z daily https://icheck.vn/san-pham/6955048508640 2026-08-17T00:00:00.000Z daily https://icheck.vn/san-pham/8902246003734 2026-08-17T00:00:00.000Z daily https://icheck.vn/san-pham/6937350140848 2026-08-17T00:00:00.000Z daily https://icheck.vn/san-pham/0192643981553 2026-08-17T00:00:00.000Z daily https://icheck.vn/san-pham/0859295006019 2026-08-17T00:00:00.000Z daily https://icheck.vn/san-pham/6970897943053 2026-08-17T00:00:00.000Z daily https://icheck.vn/san-pham/urban-armor-gear-metropolis-feather-light-rugged-military-drop-tested-case-for-5-0858329007060 2026-08-17T00:00:00.000Z daily https://icheck.vn/san-pham/handbag-guess-heritage-pop-hwsg71-78140-bls-0190231196983 2026-08-17T00:00:00.000Z daily https://icheck.vn/san-pham/olay-professional-prox-exfoliating-renewal-face-cleanser-6-oz-0075609195518 2026-08-17T00:00:00.000Z daily https://icheck.vn/san-pham/eau-de-toilette-lady-bac-cho-phu-nu-30-ml-4600702098112 2026-08-17T00:00:00.000Z daily https://icheck.vn/san-pham/vo-buoi-say-gion-80g-60g-t-8938528224528 2026-08-17T00:00:00.000Z daily https://icheck.vn/san-pham/gift-set-valentino-valentina-women-2pcs-8411061828427 2026-08-17T00:00:00.000Z daily https://icheck.vn/san-pham/cotton-cam-ung-mem-bebeauty-dia-120-chiec-5900095024859 2026-08-17T00:00:00.000Z daily https://icheck.vn/san-pham/thit-lon-dong-hop-quang-dong-207g-6902150888184 2026-08-17T00:00:00.000Z daily https://icheck.vn/san-pham/pantene-pro-v-daily-moisture-renewal-2-in-1-0080878082841 2026-08-17T00:00:00.000Z daily https://icheck.vn/san-pham/hera-lip-polish-and-mask-5g-02-rich-vanilla-8809559343512 2026-08-17T00:00:00.000Z daily https://icheck.vn/san-pham/nuoc-rua-kinh-xe-o-to-vis-car-2l-8936183791010 2026-08-17T00:00:00.000Z daily https://icheck.vn/san-pham/nuoc-lau-da-nang-tinh-dau-que-250ml-8938524093463 2026-08-17T00:00:00.000Z daily https://icheck.vn/san-pham/huaweiheng-rock-candy-yangmei-200g-6918894563850 2026-08-17T00:00:00.000Z daily https://icheck.vn/san-pham/hose-700x22-schwalbe-one-black-22-622-4026495717700 2026-08-17T00:00:00.000Z daily https://icheck.vn/san-pham/seeing-small-uni-charm-face-mask-slightly-smaller-7-with-cold-and-pollen-4903111968992 2026-08-17T00:00:00.000Z daily https://icheck.vn/san-pham/vigor-milk-kids-gold-400g-8936187421104 2026-08-17T00:00:00.000Z daily https://icheck.vn/san-pham/russian-imported-mushroom-chocolate-biscuits-black-and-white-4680019030517 2026-08-17T00:00:00.000Z daily https://icheck.vn/san-pham/viem-xoang-an-khanh-tam-8938529759029 2026-08-17T00:00:00.000Z daily https://icheck.vn/san-pham/bondi-chong-nuoc-band-aid-5-mieng-6918151688807 2026-08-17T00:00:00.000Z daily https://icheck.vn/san-pham/price-calcio-magnesio-90-comprimidos-30-gratis-5600315075103 2026-08-17T00:00:00.000Z daily https://icheck.vn/san-pham/hailea-aco-6602-hava-motoru-tek-6920255830112 2026-08-17T00:00:00.000Z daily https://icheck.vn/san-pham/vigor-milk-baby-gold-900g-8936187421005 2026-08-17T00:00:00.000Z daily https://icheck.vn/san-pham/doppelherz-aktiv-omega-3-30kaps-4009932576245 2026-08-17T00:00:00.000Z daily https://icheck.vn/san-pham/dragonfly-pencil-oily-marker-mono-twin-e-extra-fine-pack-red-red-4901991052381 2026-08-17T00:00:00.000Z daily https://icheck.vn/san-pham/goi-tra-tom-non-hai-yen-100g-8938525877048 2026-08-17T00:00:00.000Z daily https://icheck.vn/san-pham/lacoste-sonnenbrillen-l604snd-002-0886895397025 2026-08-17T00:00:00.000Z daily https://icheck.vn/san-pham/equate-ranitidine-150mg-acid-reducer-114ct-exp-4-20-0681131228510 2026-08-17T00:00:00.000Z daily https://icheck.vn/san-pham/gb-diesel-super-sae-20w50-cf-200l-8885014870137 2026-08-17T00:00:00.000Z daily https://icheck.vn/san-pham/chanel-les-exclusifs-de-cuir-de-russie-eau-de-parfum-75ml-3145891220407 2026-08-17T00:00:00.000Z daily https://icheck.vn/san-pham/timken-sealed-ball-bearing-6204-2rs-0087796293120 2026-08-17T00:00:00.000Z daily https://icheck.vn/san-pham/boots-therapy-nourishing-bath-soak-500ml-5045096968631 2026-08-17T00:00:00.000Z daily https://icheck.vn/san-pham/wycombe-open-wardrobe-174x82-5x44cm-5055999205771 2026-08-17T00:00:00.000Z daily https://icheck.vn/san-pham/diesel-timeframes-ms9-chronograph-quartz-dz4473-mens-watch-0698615126897 2026-08-17T00:00:00.000Z daily https://icheck.vn/san-pham/phan-ma-cinderella-story-cushion-blusher-01-peach-crush-8809401550716 2026-08-17T00:00:00.000Z daily https://icheck.vn/san-pham/lancome-monsieur-big-mascara-01-black-wp-3614271774712 2026-08-17T00:00:00.000Z daily https://icheck.vn/san-pham/tonymoly-pro-clean-smoky-cleansing-oil-150ml-8806358568450 2026-08-17T00:00:00.000Z daily https://icheck.vn/san-pham/tenis-infantil-adidas-fortarun-ac-k-4061622553196 2026-08-17T00:00:00.000Z daily https://icheck.vn/san-pham/zippo-rare-custom-whitehouse-and-flag-usa-engraved-0191693065251 2026-08-17T00:00:00.000Z daily https://icheck.vn/san-pham/ettusais-premium-amino-hot-cleansing-120g-4932554069720 2026-08-17T00:00:00.000Z daily https://icheck.vn/san-pham/focallure-go-travel-eyeshadow-palette-04-turkey-6927545982162 2026-08-17T00:00:00.000Z daily https://icheck.vn/san-pham/ravage-by-sandora-for-men-eau-de-parfum-spray-3-4-oz-0092251710500 2026-08-17T00:00:00.000Z daily https://icheck.vn/san-pham/relief-glucosamine-135-g-300-mg-450-2-7561-4560275850435 2026-08-17T00:00:00.000Z daily https://icheck.vn/san-pham/rupes-big-foot-rotary-coarse-polishing-compound-250-ml-highly-abrasive-paste-8055271658711 2026-08-17T00:00:00.000Z daily https://icheck.vn/san-pham/utsunomiya-made-live-life-without-plastic-gloves-77-disputing-powder-100-pieces-m-c-4976366011713 2026-08-17T00:00:00.000Z daily https://icheck.vn/san-pham/bepanthen-wund-und-heilsalbe-100g-pillenblitz-at-9088881306504 2026-08-17T00:00:00.000Z daily https://icheck.vn/san-pham/52-maotai-town-longyao-brilliant-500ml-2-6926701327076 2026-08-17T00:00:00.000Z daily https://icheck.vn/san-pham/ygk-nasuly-n-waker-fluoro-100yds-20lb-5-4988494869319 2026-08-17T00:00:00.000Z daily https://icheck.vn/san-pham/kem-boi-chong-muoi-eugenics-us-baby-4718487800032 2026-08-17T00:00:00.000Z daily https://icheck.vn/san-pham/shimano-17-sedona-6000-spinning-reel-4969363037732 2026-08-17T00:00:00.000Z daily https://icheck.vn/san-pham/michael-kors-wonderlust-sensual-essence-eau-de-perfume-spray-100ml-0022548386286 2026-08-17T00:00:00.000Z daily https://icheck.vn/san-pham/3m-germany-pvc-electrical-insulation-tape-scotch-35-19x20-ws-0054007108283 2026-08-17T00:00:00.000Z daily https://icheck.vn/san-pham/dai-phan-chia-day-dien-cua-hyundai-3g-3m-8809015261060 2026-08-17T00:00:00.000Z daily https://icheck.vn/san-pham/eco-styler-black-castor-flaxseed-oil-gel-8oz-0748378004205 2026-08-17T00:00:00.000Z daily https://icheck.vn/san-pham/888462814638-upc-apple-smart-cover-for-9-7-ipad-pro-0888462814638 2026-08-17T00:00:00.000Z daily https://icheck.vn/san-pham/new-sealed-phillips-avent-double-electric-breast-pump-model-scf334-22-0075020070081 2026-08-17T00:00:00.000Z daily https://icheck.vn/san-pham/maquina-de-costura-singer-start-1306-branco-7896785411925 2026-08-17T00:00:00.000Z daily https://icheck.vn/san-pham/color-marker-set-double-sided-5-colors-10pks-4549892193118 2026-08-17T00:00:00.000Z daily https://icheck.vn/san-pham/may-hut-mui-binova-bi-999luxury-8851992808691 2026-08-17T00:00:00.000Z daily https://icheck.vn/san-pham/samsung-pharm-gas-myung-soo-8806008037794 2026-08-17T00:00:00.000Z daily https://icheck.vn/san-pham/tuy-chinh-dat-den-3kg-rcp-4975637476169 2026-08-17T00:00:00.000Z daily https://icheck.vn/san-pham/4600682022701-beer-baltic-7-0-33l-can-4600682022855 2026-08-17T00:00:00.000Z daily https://icheck.vn/san-pham/tc-burrs-for-universal-applications-for-fine-and-coarse-4007220047781 2026-08-17T00:00:00.000Z daily https://icheck.vn/san-pham/sulwhasoo-snowise-brightening-4-items-sample-kit-8809516840962 2026-08-17T00:00:00.000Z daily https://icheck.vn/san-pham/keo-so-co-la-tiramisu-truffles-4607005404176 2026-08-17T00:00:00.000Z daily https://icheck.vn/san-pham/frosch-senses-sensitiv-dusche-duschgel-4001499943980 2026-08-17T00:00:00.000Z daily https://icheck.vn/san-pham/but-gel-classmate-gp02-an-nap-den-muc-den-8936092566709 2026-08-17T00:00:00.000Z daily https://icheck.vn/san-pham/insize-electronic-digital-level-and-protractor-0-360-90-4-ip54-2179-360-6928640324871 2026-08-17T00:00:00.000Z daily https://icheck.vn/san-pham/3010351000144 2026-08-17T00:00:00.000Z daily https://icheck.vn/san-pham/3380811429700 2026-08-17T00:00:00.000Z daily https://icheck.vn/san-pham/4901001113040 2026-08-17T00:00:00.000Z daily https://icheck.vn/san-pham/0718442401063 2026-08-17T00:00:00.000Z daily https://icheck.vn/san-pham/0737052174587 2026-08-17T00:00:00.000Z daily https://icheck.vn/san-pham/4057288900931 2026-08-17T00:00:00.000Z daily https://icheck.vn/san-pham/6970774550640 2026-08-17T00:00:00.000Z daily https://icheck.vn/san-pham/893850766537 2026-08-17T00:00:00.000Z daily https://icheck.vn/san-pham/0190303980892 2026-08-17T00:00:00.000Z daily https://icheck.vn/san-pham/0192536339768 2026-08-17T00:00:00.000Z daily https://icheck.vn/san-pham/8936007640242 2026-08-17T00:00:00.000Z daily https://icheck.vn/san-pham/4047397029319 2026-08-17T00:00:00.000Z daily https://icheck.vn/san-pham/8801047227809 2026-08-17T00:00:00.000Z daily https://icheck.vn/san-pham/8934669390733 2026-08-17T00:00:00.000Z daily https://icheck.vn/san-pham/0726654592110 2026-08-17T00:00:00.000Z daily https://icheck.vn/san-pham/0081652080824 2026-08-17T00:00:00.000Z daily https://icheck.vn/san-pham/6936292191826 2026-08-17T00:00:00.000Z daily https://icheck.vn/san-pham/8691216066595 2026-08-17T00:00:00.000Z daily https://icheck.vn/san-pham/0368180361091 2026-08-17T00:00:00.000Z daily https://icheck.vn/san-pham/0041498157197 2026-08-17T00:00:00.000Z daily https://icheck.vn/san-pham/6939020405608 2026-08-17T00:00:00.000Z daily https://icheck.vn/san-pham/6944662523146 2026-08-17T00:00:00.000Z daily https://icheck.vn/san-pham/0191526140612 2026-08-17T00:00:00.000Z daily https://icheck.vn/san-pham/0029037011162 2026-08-17T00:00:00.000Z daily https://icheck.vn/san-pham/9557108630666 2026-08-17T00:00:00.000Z daily https://icheck.vn/san-pham/6953743320727 2026-08-17T00:00:00.000Z daily https://icheck.vn/san-pham/8809578720479 2026-08-17T00:00:00.000Z daily https://icheck.vn/san-pham/3291810756400 2026-08-17T00:00:00.000Z daily https://icheck.vn/san-pham/0038857000065 2026-08-17T00:00:00.000Z daily https://icheck.vn/san-pham/6930806866132 2026-08-17T00:00:00.000Z daily https://icheck.vn/san-pham/skf-bearing-32219-zip-code-7316577005939 2026-08-17T00:00:00.000Z daily https://icheck.vn/san-pham/swiss-original-4607141336034 2026-08-17T00:00:00.000Z daily https://icheck.vn/san-pham/balea-hibiskusbl-te-4010355294708 2026-08-17T00:00:00.000Z daily https://icheck.vn/san-pham/ohe-da-ki-thu-gian-4901065629136 2026-08-17T00:00:00.000Z daily https://icheck.vn/san-pham/cat-mong-tay-8809111630029 2026-08-17T00:00:00.000Z daily https://icheck.vn/san-pham/ruot-but-6947503750145 2026-08-17T00:00:00.000Z daily https://icheck.vn/san-pham/levissime-eye-complex-15-ml-8435054648670 2026-08-17T00:00:00.000Z daily https://icheck.vn/san-pham/30-id-winpass-4987373071850 2026-08-17T00:00:00.000Z daily https://icheck.vn/san-pham/opd-open-product-data-0084114108531 2026-08-17T00:00:00.000Z daily https://icheck.vn/san-pham/nescafe-gold-4600680000213 2026-08-17T00:00:00.000Z daily https://icheck.vn/san-pham/6939962749068 2026-08-17T00:00:00.000Z daily https://icheck.vn/san-pham/but-xoa-6933989616204 2026-08-17T00:00:00.000Z daily https://icheck.vn/san-pham/wella-eimi-shape-me-150ml-8005610265544 2026-08-17T00:00:00.000Z daily https://icheck.vn/san-pham/sua-chua-4690228034206 2026-08-17T00:00:00.000Z daily https://icheck.vn/san-pham/cham-soc-got-chan-4550084366579 2026-08-17T00:00:00.000Z daily https://icheck.vn/san-pham/surf-excel-500gm-8961014236453 2026-08-17T00:00:00.000Z daily https://icheck.vn/san-pham/4260460828507 2026-08-17T00:00:00.000Z daily https://icheck.vn/san-pham/fa61-wonder-6927545996855 2026-08-17T00:00:00.000Z daily https://icheck.vn/san-pham/finalgon-20gr-9006968004549 2026-08-17T00:00:00.000Z daily https://icheck.vn/san-pham/chartreuse-verte-3023480110509 2026-08-17T00:00:00.000Z daily https://icheck.vn/san-pham/sweet-beads-candy-beads-string-0686464585002 2026-08-17T00:00:00.000Z daily https://icheck.vn/san-pham/cleanser-4005900601841 2026-08-17T00:00:00.000Z daily https://icheck.vn/san-pham/5050410512612 2026-08-17T00:00:00.000Z daily https://icheck.vn/san-pham/son-etude-8809587360710 2026-08-17T00:00:00.000Z daily https://icheck.vn/san-pham/khan-uot-8801092519775 2026-08-17T00:00:00.000Z daily https://icheck.vn/san-pham/parlante-computadora-rectangular-gris-a1-6939369600078 2026-08-17T00:00:00.000Z daily https://icheck.vn/san-pham/8809326160014 2026-08-17T00:00:00.000Z daily https://icheck.vn/san-pham/0046000001685 2026-08-17T00:00:00.000Z daily https://icheck.vn/san-pham/4250664108215 2026-08-17T00:00:00.000Z daily https://icheck.vn/san-pham/9341105594270 2026-08-17T00:00:00.000Z daily https://icheck.vn/san-pham/8017596074898 2026-08-17T00:00:00.000Z daily https://icheck.vn/san-pham/9327721000838 2026-08-17T00:00:00.000Z daily https://icheck.vn/san-pham/pipe-dredging-agent-6970913781553 2026-08-17T00:00:00.000Z daily https://icheck.vn/san-pham/6971953980111 2026-08-17T00:00:00.000Z daily https://icheck.vn/san-pham/8809366750961 2026-08-17T00:00:00.000Z daily https://icheck.vn/san-pham/4770205112315 2026-08-17T00:00:00.000Z daily https://icheck.vn/san-pham/5037191223111 2026-08-17T00:00:00.000Z daily https://icheck.vn/san-pham/3662757000190 2026-08-17T00:00:00.000Z daily https://icheck.vn/san-pham/4062051507040 2026-08-17T00:00:00.000Z daily https://icheck.vn/san-pham/5057227905361 2026-08-17T00:00:00.000Z daily https://icheck.vn/san-pham/4987271157854 2026-08-17T00:00:00.000Z daily https://icheck.vn/san-pham/4897060265670 2026-08-17T00:00:00.000Z daily https://icheck.vn/san-pham/4388860532357 2026-08-17T00:00:00.000Z daily https://icheck.vn/san-pham/barbie-fashionistas-dress-with-flowers-and-glasses-30cm-fjf52-number-92-mattel-0887961534894 2026-08-17T00:00:00.000Z daily https://icheck.vn/san-pham/adidas-sports-shoes-for-kids-advantage-k-white-36-2-3-sports-shoes-4061622797736 2026-08-17T00:00:00.000Z daily https://icheck.vn/san-pham/meiyuan-hair-cream-882-brown-black-1-5-wholesale-rh12-97622-wholesale-south-china-6935333301019 2026-08-17T00:00:00.000Z daily https://icheck.vn/san-pham/ziaja-ziajka-body-lotion-for-children-and-babies-after-1-month-of-age-300ml-5901887026129 2026-08-17T00:00:00.000Z daily https://icheck.vn/san-pham/iam-sunscreen-spf-50-pa-15g-san-pham-duong-da-giup-bao-ve-da-truoc-tac-hai-cua-anh-mat-troi-8859301601162 2026-08-17T00:00:00.000Z daily https://icheck.vn/san-pham/dau-nhuom-saeangmeori-oriental-herlp-hair-color-duong-toc-3-s-khong-co-mui-hoi-8809038599027 2026-08-17T00:00:00.000Z daily https://icheck.vn/san-pham/rakuten-big-sunstar-sunstar-gum-high-speed-reversal-type-ts-45u-dedicated-spare-brush-477u-477u-mail-order-4901616213999 2026-08-17T00:00:00.000Z daily https://icheck.vn/san-pham/is-oc-coc-sac-dien-may-bay-rung-coc-thu-dam-nam-dung-am-duong-nguoi-lon-khieu-dam-san-pham-tinh-duc-6933456210010 2026-08-17T00:00:00.000Z daily https://icheck.vn/san-pham/tui-du-lich-chua-lanh-ban-chai-danh-rang-trong-va-sau-kem-danh-rang-chong-di-ung-dac-biet-40g-6902132082432 2026-08-17T00:00:00.000Z daily https://icheck.vn/san-pham/noi-ap-suat-tiger-tiger-noi-com-dien-ih-jpc-18ks-kp-cong-suat-nau-com-den-nguyen-chat-1-4904710425626 2026-08-17T00:00:00.000Z daily https://icheck.vn/san-pham/my-hero-academia-katsuki-bakugou-the-amazing-heroes-vol-3-figure-by-banpresto-4983164391220 2026-08-17T00:00:00.000Z daily https://icheck.vn/san-pham/forest-story-argan-hair-balm-to-oil-for-fragile-hair-90ml-new-8803348035381 2026-08-17T00:00:00.000Z daily https://icheck.vn/san-pham/macadamia-natural-oil-daily-shampoo-for-frizz-free-hair-300ml-0852558006467 2026-08-17T00:00:00.000Z daily https://icheck.vn/san-pham/100-bo-ceria-mio-piccolo-dong-phuc-hien-co-san-trong-my-pham-mua-xuan-moi-va-ma-4980299043185 2026-08-17T00:00:00.000Z daily https://icheck.vn/san-pham/yves-saint-laurent-ysl-rouge-pur-couture-vernis-a-levres-pop-water-nr-50-encre-n-3614271641847 2026-08-17T00:00:00.000Z daily https://icheck.vn/san-pham/converse-buty-converse-chuck-taylor-all-star-70-c162058-black-black-egret-36-5-id-produktu-5789910-0888755677001 2026-08-17T00:00:00.000Z daily https://icheck.vn/san-pham/citizen-eco-drive-43mm-stainless-steel-case-gray-bracelet-men-s-watch-ca437753h-0013205121524 2026-08-17T00:00:00.000Z daily https://icheck.vn/san-pham/marukome-instant-miso-soup-ryotei-no-aji-aosa-tofu-6-servings-japan-4902713131100 2026-08-17T00:00:00.000Z daily https://icheck.vn/san-pham/jamie-oliver-by-tefal-everyday-25cm-saute-pan-lid-non-stick-stainless-steel-3168430241350 2026-08-17T00:00:00.000Z daily https://icheck.vn/san-pham/but-bang-trang-guangbo-co-the-lau-van-ban-tron-tru-bb8528-6922711087139 2026-08-17T00:00:00.000Z daily https://icheck.vn/san-pham/daniel-wellington-women-s-0950dw-classy-st-mawes-watch-with-brown-leather-band-0671021122325 2026-08-17T00:00:00.000Z daily https://icheck.vn/san-pham/details-about-whith-whitening-men-s-lotion-aftershave-lotion-collagen-x-placenta-120ml-f-s-4589814692008 2026-08-17T00:00:00.000Z daily https://icheck.vn/san-pham/brow-eyebrows-motintint-eyebrows-tanning-eyebrow-tattoo-tint-my-brow-gel-eyebrow-tint-4940476497842 2026-08-17T00:00:00.000Z daily https://icheck.vn/san-pham/trai-cay-nghien-babydream-cho-be-vi-tao-chuoi-mam-xoi-4305615643854 2026-08-17T00:00:00.000Z daily https://icheck.vn/san-pham/kem-duong-da-tay-juno-medibeau-beverly-hills-polo-club-premium-100-ml-8809540512026 2026-08-17T00:00:00.000Z daily https://icheck.vn/san-pham/old-spice-fresher-collection-men-s-body-wash-amber-scent-16-ounce-0037000905547 2026-08-17T00:00:00.000Z daily https://icheck.vn/san-pham/daniel-wellington-sheffield-0206dw-gents-black-calfskin-40mm-date-quartz-watch-0671021122479 2026-08-17T00:00:00.000Z daily https://icheck.vn/san-pham/me-va-tre-em-oligo-body-whip-680ml-mama-kids-oligo-body-whipe-4530025009239 2026-08-17T00:00:00.000Z daily https://icheck.vn/san-pham/caudalie-french-kiss-lip-balm-innocence-natural-pink7-5g-3522930001997 2026-08-17T00:00:00.000Z daily https://icheck.vn/san-pham/black-monster-homme-black-balm-for-men-dual-lip-balm-k-beauty-men-s-cosmetics-8809559591173 2026-08-17T00:00:00.000Z daily https://icheck.vn/san-pham/casio-g-shock-s-series-gma-s130pa-4a-gmas130pa-4a-step-tracker-200m-women-s-watch-4549526216138 2026-08-17T00:00:00.000Z daily https://icheck.vn/san-pham/nillkin-nature-tpu-case-gel-ultra-slim-cover-for-samsung-galaxy-s10e-transparent-6902048171428 2026-08-17T00:00:00.000Z daily https://icheck.vn/san-pham/costume-national-homme-energizing-hair-body-wash-3-4-fl-oz-100ml-3605970040918 2026-08-17T00:00:00.000Z daily https://icheck.vn/san-pham/giay-the-thao-adidas-superstar-w-cg6010-37-5-5uk-24-cm-owhite-owhite-owhite-4060509333678 2026-08-17T00:00:00.000Z daily https://icheck.vn/san-pham/cobos-quet-thong-minh-robot-kho-bau-de33-ke-hoach-thong-minh-may-hut-bui-gia-dinh-6943757609949 2026-08-17T00:00:00.000Z daily https://icheck.vn/san-pham/6901935904170 2026-08-17T00:00:00.000Z daily https://icheck.vn/san-pham/4903335696572 2026-08-17T00:00:00.000Z daily https://icheck.vn/san-pham/8935026711208 2026-08-17T00:00:00.000Z daily https://icheck.vn/san-pham/0889773434096 2026-08-17T00:00:00.000Z daily https://icheck.vn/san-pham/6934487500347 2026-08-17T00:00:00.000Z daily https://icheck.vn/san-pham/6940127890730 2026-08-17T00:00:00.000Z daily https://icheck.vn/san-pham/4057291245258 2026-08-17T00:00:00.000Z daily https://icheck.vn/san-pham/6971612794288 2026-08-17T00:00:00.000Z daily https://icheck.vn/san-pham/8056741847321 2026-08-17T00:00:00.000Z daily https://icheck.vn/san-pham/8938508806904 2026-08-17T00:00:00.000Z daily https://icheck.vn/san-pham/8809135623939 2026-08-17T00:00:00.000Z daily https://icheck.vn/san-pham/0192499816627 2026-08-17T00:00:00.000Z daily https://icheck.vn/san-pham/6940735440198 2026-08-17T00:00:00.000Z daily https://icheck.vn/san-pham/893500182229 2026-08-17T00:00:00.000Z daily https://icheck.vn/san-pham/4977888174894 2026-08-17T00:00:00.000Z daily https://icheck.vn/san-pham/0766536034437 2026-08-17T00:00:00.000Z daily https://icheck.vn/san-pham/6901035612494 2026-08-17T00:00:00.000Z daily https://icheck.vn/san-pham/8809553620558 2026-08-17T00:00:00.000Z daily https://icheck.vn/san-pham/0630509918249 2026-08-17T00:00:00.000Z daily https://icheck.vn/san-pham/8936057642691 2026-08-17T00:00:00.000Z daily https://icheck.vn/san-pham/6970283821491 2026-08-17T00:00:00.000Z daily https://icheck.vn/san-pham/8809344228307 2026-08-17T00:00:00.000Z daily https://icheck.vn/san-pham/6903512481210 2026-08-17T00:00:00.000Z daily https://icheck.vn/san-pham/0037000922261 2026-08-17T00:00:00.000Z daily https://icheck.vn/san-pham/ec-075i-ios-charging-cable-6971410556101 2026-08-17T00:00:00.000Z daily https://icheck.vn/san-pham/8809287609812 2026-08-17T00:00:00.000Z daily https://icheck.vn/san-pham/6941395950850 2026-08-17T00:00:00.000Z daily https://icheck.vn/san-pham/4984343817227 2026-08-17T00:00:00.000Z daily https://icheck.vn/san-pham/0193103959716 2026-08-17T00:00:00.000Z daily https://icheck.vn/san-pham/3614271358943 2026-08-17T00:00:00.000Z daily https://icheck.vn/san-pham/0684753037317 2026-08-17T00:00:00.000Z daily https://icheck.vn/san-pham/0012299318810 2026-08-17T00:00:00.000Z daily https://icheck.vn/san-pham/0193599041261 2026-08-17T00:00:00.000Z daily https://icheck.vn/san-pham/6925469230826 2026-08-17T00:00:00.000Z daily https://icheck.vn/san-pham/6926361800308 2026-08-17T00:00:00.000Z daily https://icheck.vn/san-pham/16917200184991 2026-08-17T00:00:00.000Z daily https://icheck.vn/san-pham/28851989061836 2026-08-17T00:00:00.000Z daily https://icheck.vn/san-pham/6958688813907 2026-08-17T00:00:00.000Z daily https://icheck.vn/san-pham/4510579004270 2026-08-17T00:00:00.000Z daily https://icheck.vn/san-pham/five-pikachu-chocolate-in-cookies-4984152180895 2026-08-17T00:00:00.000Z daily https://icheck.vn/san-pham/zoggs-phantom-elite-goggles-black-0749266005731 2026-08-17T00:00:00.000Z daily https://icheck.vn/san-pham/raspberry-pi-4-model-b-4gb-motherboard-0765756931182 2026-08-17T00:00:00.000Z daily https://icheck.vn/san-pham/tinh-dau-treo-xe-100-8938524093449 2026-08-17T00:00:00.000Z daily https://icheck.vn/san-pham/dawn-correction-stick-spongebob-qap90548-6941025130621 2026-08-17T00:00:00.000Z daily https://icheck.vn/san-pham/capture-total-dream-skin-dior-3348901473170 2026-08-17T00:00:00.000Z daily https://icheck.vn/san-pham/rong-bien-an-lien-cuon-com-nhat-4902122013622 2026-08-17T00:00:00.000Z daily https://icheck.vn/san-pham/bodylotion-soft-moments-7610818205387 2026-08-17T00:00:00.000Z daily https://icheck.vn/san-pham/tay-da-chet-ca-phe-250g-4690471045844 2026-08-17T00:00:00.000Z daily https://icheck.vn/san-pham/ca-ngu-danh-bat-tuoi-9008695966329 2026-08-17T00:00:00.000Z daily https://icheck.vn/san-pham/o-hui-mascara-proof-all-volume-set-8801051667004 2026-08-17T00:00:00.000Z daily https://icheck.vn/san-pham/kem-trang-da-mat-5057496366986 2026-08-17T00:00:00.000Z daily https://icheck.vn/san-pham/adidas-x-18-3-tango-tf-junior-4059811774729 2026-08-17T00:00:00.000Z daily https://icheck.vn/san-pham/8938504988999 2026-08-17T00:00:00.000Z daily https://icheck.vn/san-pham/6941027604793 2026-08-17T00:00:00.000Z daily https://icheck.vn/san-pham/4894532380626 2026-08-17T00:00:00.000Z daily https://icheck.vn/san-pham/8809430538211 2026-08-17T00:00:00.000Z daily https://icheck.vn/san-pham/0092163086427 2026-08-17T00:00:00.000Z daily https://icheck.vn/san-pham/high-sierra-swerve-laptop-backpack-0716106889967 2026-08-17T00:00:00.000Z daily https://icheck.vn/san-pham/0611885622890 2026-08-17T00:00:00.000Z daily https://icheck.vn/san-pham/vigor-milk-grow-iq-8936187421029 2026-08-17T00:00:00.000Z daily https://icheck.vn/san-pham/homme-miniatur-set-8011003851614 2026-08-17T00:00:00.000Z daily https://icheck.vn/san-pham/0008235439473 2026-08-17T00:00:00.000Z daily https://icheck.vn/san-pham/4904810599968 2026-08-17T00:00:00.000Z daily https://icheck.vn/san-pham/maliban-real-temptation-90g-4791034070423 2026-08-17T00:00:00.000Z daily https://icheck.vn/san-pham/nuoc-khoang-icis-8801056087616 2026-08-17T00:00:00.000Z daily https://icheck.vn/san-pham/00883285860008 2026-08-17T00:00:00.000Z daily https://icheck.vn/san-pham/equate-value-pak-loratadine-10mg-0681131837361 2026-08-17T00:00:00.000Z daily https://icheck.vn/san-pham/bodylotion-nutritive-400-ml-4015100198256 2026-08-17T00:00:00.000Z daily https://icheck.vn/san-pham/vitana-fish-28g-8593837256914 2026-08-17T00:00:00.000Z daily https://icheck.vn/san-pham/maxi-peel-micro-exfoliant-soap-4800119217278 2026-08-17T00:00:00.000Z daily https://icheck.vn/san-pham/nongshim-1-500-trigrams-8801043036726 2026-08-17T00:00:00.000Z daily https://icheck.vn/san-pham/vigor-milk-canxi-nano-8936187421012 2026-08-17T00:00:00.000Z daily https://icheck.vn/san-pham/vigor-milk-glu-care-8936187421081 2026-08-17T00:00:00.000Z daily https://icheck.vn/san-pham/anker-soundcore-boost-altavoz-bluetooth-negro-0848061049671 2026-08-17T00:00:00.000Z daily https://icheck.vn/san-pham/nuoc-ep-tao-supa-essentials-1l5-9345905006667 2026-08-17T00:00:00.000Z daily https://icheck.vn/san-pham/co-tra-bup-tom-cao-cap-500gr-8938529818092 2026-08-17T00:00:00.000Z daily https://icheck.vn/san-pham/nike-m2k-tekno-us-10-0884776232885 2026-08-17T00:00:00.000Z daily https://icheck.vn/san-pham/salvatore-ferragamo-uomo-8052086377592 2026-08-17T00:00:00.000Z daily https://icheck.vn/san-pham/sem-toe-texture-tint-4g-2-5-mau-8806164157435 2026-08-17T00:00:00.000Z daily https://icheck.vn/san-pham/golf-heather-block-polo-grey-4060512600187 2026-08-17T00:00:00.000Z daily https://icheck.vn/san-pham/giu-giay-binder-19-mm-6949127380159 2026-08-17T00:00:00.000Z daily https://icheck.vn/san-pham/kitchellence-black-knife-sharpener-3-stage-manual-system-for-the-best-6954480216182 2026-08-17T00:00:00.000Z daily https://icheck.vn/san-pham/puma-wmns-basket-careaux-collaboration-4056206348190 2026-08-17T00:00:00.000Z daily https://icheck.vn/san-pham/m18-9-0ah-redlithium-ion-battery-m18b9-4892210143570 2026-08-17T00:00:00.000Z daily https://icheck.vn/san-pham/fruits-shot-tint-water-03-grapefruit-shake-8806194024417 2026-08-17T00:00:00.000Z daily https://icheck.vn/san-pham/nyx-cosmetics-ultimate-shadow-palette-usp04-brights-0800897017651 2026-08-17T00:00:00.000Z daily https://icheck.vn/san-pham/mat-na-trang-sang-mo-nam-8936100750670 2026-08-17T00:00:00.000Z daily https://icheck.vn/san-pham/hap-dau-fanola-curly-shine-1000ml-8032947868780 2026-08-17T00:00:00.000Z daily https://icheck.vn/san-pham/700-wave-8-boost-us-4059809572955-yeezy-runner-rcxsqdthb-4059809572955 2026-08-17T00:00:00.000Z daily https://icheck.vn/san-pham/beckham-beyond-forever-40ml-edt-body-duo-gift-set-3614225537363 2026-08-17T00:00:00.000Z daily https://icheck.vn/san-pham/adidas-originals-dc-fb-tp-4062839141510 2026-08-17T00:00:00.000Z daily https://icheck.vn/san-pham/bellezza-up-size-breast-care-super-cream-8936152740049 2026-08-17T00:00:00.000Z daily https://icheck.vn/san-pham/mbeauty-charcoal-peel-off-mask-8809230144667 2026-08-17T00:00:00.000Z daily https://icheck.vn/san-pham/sua-rua-mat-tra-xanh-rau-ma-8936149420237 2026-08-17T00:00:00.000Z daily https://icheck.vn/san-pham/nuoc-ve-sinh-cho-nam-blue-100-ml-5902020047995 2026-08-17T00:00:00.000Z daily https://icheck.vn/san-pham/co-tra-non-tom-thuong-hang-100gr-8938529818047 2026-08-17T00:00:00.000Z daily https://icheck.vn/san-pham/wet-shoe-cleaning-cloth-15-pcs-4010355563781 2026-08-17T00:00:00.000Z daily https://icheck.vn/san-pham/wheat-time-whole-grain-grandel-kernels-1000-grams-4011396112129 2026-08-17T00:00:00.000Z daily https://icheck.vn/san-pham/sot-man-kho-nam-dau-chay-4714041860030 2026-08-17T00:00:00.000Z daily https://icheck.vn/san-pham/roadpro-rphb9006-9006-halogen-auto-bulb-low-beam-0045464769742 2026-08-17T00:00:00.000Z daily https://icheck.vn/san-pham/unitek-cable-usb-2-0-3m-y-c420gbk-4894160026071 2026-08-17T00:00:00.000Z daily https://icheck.vn/san-pham/coppertone-sport-spf-50-sun-screen-spray-0041100578808 2026-08-17T00:00:00.000Z daily https://icheck.vn/san-pham/ne-magical-cc-cream-spf15-53-beige-5907609399045 2026-08-17T00:00:00.000Z daily https://icheck.vn/san-pham/screen-color-enlive-protective-shampoo-8034077350241 2026-08-17T00:00:00.000Z daily https://icheck.vn/san-pham/essential-lip-serum-stick-9-glow-orange-8809559354754 2026-08-17T00:00:00.000Z daily https://icheck.vn/san-pham/but-ke-mat-tham-my-vina-4953638171610 2026-08-17T00:00:00.000Z daily https://icheck.vn/san-pham/biore-blaue-agave-5017634258726 2026-08-17T00:00:00.000Z daily https://icheck.vn/san-pham/tri-yakin-gold-8936103940474 2026-08-17T00:00:00.000Z daily https://icheck.vn/san-pham/8803733581837 2026-08-17T00:00:00.000Z daily https://icheck.vn/san-pham/0309977539057 2026-08-17T00:00:00.000Z daily https://icheck.vn/san-pham/0810272001267 2026-08-17T00:00:00.000Z daily https://icheck.vn/san-pham/6925960813122 2026-08-17T00:00:00.000Z daily https://icheck.vn/san-pham/8935092798486 2026-08-17T00:00:00.000Z daily https://icheck.vn/san-pham/6970703377652 2026-08-17T00:00:00.000Z daily https://icheck.vn/san-pham/8935107201239 2026-08-17T00:00:00.000Z daily https://icheck.vn/san-pham/7891112262003 2026-08-17T00:00:00.000Z daily https://icheck.vn/san-pham/8934839166922 2026-08-17T00:00:00.000Z daily https://icheck.vn/san-pham/893607798048 2026-08-17T00:00:00.000Z daily https://icheck.vn/san-pham/8806322103229 2026-08-17T00:00:00.000Z daily https://icheck.vn/san-pham/0192877132677 2026-08-17T00:00:00.000Z daily https://icheck.vn/san-pham/6971033590803 2026-08-17T00:00:00.000Z daily https://icheck.vn/san-pham/8888075017374 2026-08-17T00:00:00.000Z daily https://icheck.vn/san-pham/8719033069435 2026-08-17T00:00:00.000Z daily https://icheck.vn/san-pham/0645027769907 2026-08-17T00:00:00.000Z daily https://icheck.vn/san-pham/4920167262164 2026-08-17T00:00:00.000Z daily https://icheck.vn/san-pham/7630030536052 2026-08-17T00:00:00.000Z daily https://icheck.vn/san-pham/4549250288098 2026-08-17T00:00:00.000Z daily https://icheck.vn/san-pham/8938508643080 2026-08-17T00:00:00.000Z daily https://icheck.vn/san-pham/0076753125109 2026-08-17T00:00:00.000Z daily https://icheck.vn/san-pham/4715093206265 2026-08-17T00:00:00.000Z daily https://icheck.vn/san-pham/4549131693355 2026-08-17T00:00:00.000Z daily https://icheck.vn/san-pham/0022255225847 2026-08-17T00:00:00.000Z daily https://icheck.vn/san-pham/0192828295499 2026-08-17T00:00:00.000Z daily https://icheck.vn/san-pham/8908005685098 2026-08-17T00:00:00.000Z daily https://icheck.vn/san-pham/8935074115669 2026-08-17T00:00:00.000Z daily https://icheck.vn/san-pham/6970165324683 2026-08-17T00:00:00.000Z daily https://icheck.vn/san-pham/-6957820301845 2026-08-17T00:00:00.000Z daily https://icheck.vn/san-pham/6970565720283 2026-08-17T00:00:00.000Z daily https://icheck.vn/san-pham/6971010808334 2026-08-17T00:00:00.000Z daily https://icheck.vn/san-pham/6970703374446 2026-08-17T00:00:00.000Z daily https://icheck.vn/san-pham/6923756010076 2026-08-17T00:00:00.000Z daily https://icheck.vn/san-pham/0055989012452 2026-08-17T00:00:00.000Z daily https://icheck.vn/san-pham/9354584000064 2026-08-17T00:00:00.000Z daily https://icheck.vn/san-pham/6971270093778 2026-08-17T00:00:00.000Z daily https://icheck.vn/san-pham/4714398593131 2026-08-17T00:00:00.000Z daily https://icheck.vn/san-pham/0192499480880 2026-08-17T00:00:00.000Z daily https://icheck.vn/san-pham/0820634546480 2026-08-17T00:00:00.000Z daily https://icheck.vn/san-pham/3661615354871 2026-08-17T00:00:00.000Z daily https://icheck.vn/san-pham/8809323735307 2026-08-17T00:00:00.000Z daily https://icheck.vn/san-pham/6930151781005 2026-08-17T00:00:00.000Z daily https://icheck.vn/san-pham/6970393550120 2026-08-17T00:00:00.000Z daily https://icheck.vn/san-pham/0190816001268 2026-08-17T00:00:00.000Z daily https://icheck.vn/san-pham/6971594106192 2026-08-17T00:00:00.000Z daily https://icheck.vn/san-pham/5400879215416 2026-08-17T00:00:00.000Z daily https://icheck.vn/san-pham/0191031738922 2026-08-17T00:00:00.000Z daily https://icheck.vn/san-pham/6924281428428 2026-08-17T00:00:00.000Z daily https://icheck.vn/san-pham/8432894866240 2026-08-17T00:00:00.000Z daily https://icheck.vn/san-pham/0191166325349 2026-08-17T00:00:00.000Z daily https://icheck.vn/san-pham/6910842427085 2026-08-17T00:00:00.000Z daily https://icheck.vn/san-pham/3492614016022 2026-08-17T00:00:00.000Z daily https://icheck.vn/san-pham/6910889520220 2026-08-17T00:00:00.000Z daily https://icheck.vn/san-pham/0191267755816 2026-08-17T00:00:00.000Z daily https://icheck.vn/san-pham/8938523176051 2026-08-17T00:00:00.000Z daily https://icheck.vn/san-pham/8885004704121 2026-08-17T00:00:00.000Z daily https://icheck.vn/san-pham/8852827121008 2026-08-17T00:00:00.000Z daily https://icheck.vn/san-pham/8005610645087 2026-08-17T00:00:00.000Z daily https://icheck.vn/san-pham/4710627020799 2026-08-17T00:00:00.000Z daily https://icheck.vn/san-pham/6922655745102 2026-08-17T00:00:00.000Z daily https://icheck.vn/san-pham/4335896270906 2026-08-17T00:00:00.000Z daily https://icheck.vn/san-pham/8801047486930 2026-08-17T00:00:00.000Z daily https://icheck.vn/san-pham/5000167199642 2026-08-17T00:00:00.000Z daily https://icheck.vn/san-pham/0615908226713 2026-08-17T00:00:00.000Z daily https://icheck.vn/san-pham/6281056269489 2026-08-17T00:00:00.000Z daily https://icheck.vn/san-pham/8809363230664 2026-08-17T00:00:00.000Z daily https://icheck.vn/san-pham/6930988101625 2026-08-17T00:00:00.000Z daily https://icheck.vn/san-pham/andalou-naturals-chia-omega-radiant-skin-polish-2-fl-oz-58-ml-0859975002485 2026-08-17T00:00:00.000Z daily https://icheck.vn/san-pham/marc-jacobs-ladies-the-jacob-metallic-green-leather-watch-20x31mm-mj1503-new-0796483334540 2026-08-17T00:00:00.000Z daily https://icheck.vn/san-pham/banh-quy-nhan-mut-vi-dau-jam-sanwich-biscuit-all-upin-goi-230gr-4897069770830 2026-08-17T00:00:00.000Z daily https://icheck.vn/san-pham/takeya-originals-insulated-stainless-steel-water-bottle-40-0885395500249 2026-08-17T00:00:00.000Z daily https://icheck.vn/san-pham/dong-may-bay-phan-luc-mitsubishi-pencil-0-38mm-sxn150381p-48-sky-blue-4902778164556 2026-08-17T00:00:00.000Z daily https://icheck.vn/san-pham/falownik-seria-ig5a-zaawansowane-aplikacje-moc-15kw-8809529820692 2026-08-17T00:00:00.000Z daily https://icheck.vn/san-pham/shionogi-health-care-isodine-disinfection-wet-sheet-bottle-4987904600191 2026-08-17T00:00:00.000Z daily https://icheck.vn/san-pham/details-about-apple-2017-macbook-pro-retina-13-2-3ghz-i5-128gb-ssd-8gb-mpxq2ll-a-b-grade-0190198393180 2026-08-17T00:00:00.000Z daily https://icheck.vn/san-pham/bulova-quartz-stainless-steel-and-black-leather-dress-men-s-watch-0042429537248 2026-08-17T00:00:00.000Z daily https://icheck.vn/san-pham/adidas-originals-superstar-children-white-child-4060516365426 2026-08-17T00:00:00.000Z daily https://icheck.vn/san-pham/45g-steel-box-teeth-whitening-cleaning-teeth-charcoal-powder-natural-teeth-whitening-0843205100393 2026-08-17T00:00:00.000Z daily https://icheck.vn/san-pham/-tonymoly-intense-care-gold-24k-snail-lip-treatment-10g-free-gift-8806194009179 2026-08-17T00:00:00.000Z daily https://icheck.vn/san-pham/nike-nike-ladies-sports-rocker-sandal-ws-benassi-duo-ultra-slide-0193145293960 2026-08-17T00:00:00.000Z daily https://icheck.vn/san-pham/lumene-day-cream-moisturizing-for-dry-skin-hydrate-soothes-skin-natural-50-ml-6412600813319 2026-08-17T00:00:00.000Z daily https://icheck.vn/san-pham/son-duong-trang-diem-ona-melted-tint-lipstick-m410-melting-coral-3-5g-8809480650949 2026-08-17T00:00:00.000Z daily https://icheck.vn/san-pham/vien-uong-chong-nang-nhat-ban-dr-select-sunshade-uv-30-vien-nhat-ban-4580482173332 2026-08-17T00:00:00.000Z daily https://icheck.vn/san-pham/4607076219259-aqa-baby-lightweight-talcum-cream-for-skin-4607076219259 2026-08-17T00:00:00.000Z daily https://icheck.vn/san-pham/adidas-dames-athletics-z-n-e-parley-hoodie-met-ritssluiting-marineblauw-4060513573336 2026-08-17T00:00:00.000Z daily https://icheck.vn/san-pham/zapatillas-adidas-grand-court-ef0103-n-35-1-2-4061622776717 2026-08-17T00:00:00.000Z daily https://icheck.vn/san-pham/k-ruoka-fi-gallo-family-spritz-rasberry-lime-5-5-0-75l-0085000023594 2026-08-17T00:00:00.000Z daily https://icheck.vn/san-pham/-designated-quasi-drugs-asliceate-intestinal-550-tablets-yoneda-pharmaceutical-4954391104877 2026-08-17T00:00:00.000Z daily https://icheck.vn/san-pham/giay-chay-bo-adidas-nam-archivo-ef0436-epg67-adidas-4061622874666 2026-08-17T00:00:00.000Z daily https://icheck.vn/san-pham/six-gravity-b-6-tsukiuta-radio-specijapan-import-ani-award-pplpag7513-other-models-kits-4549131257557 2026-08-17T00:00:00.000Z daily https://icheck.vn/san-pham/under-armour-men-s-athletic-shorts-loose-heat-gear-red-1291314-size-s-0190496070370 2026-08-17T00:00:00.000Z daily https://icheck.vn/san-pham/cosnori-always-fit-bodetox-150ml-anti-cellulite-body-hot-8809533814311 2026-08-17T00:00:00.000Z daily https://icheck.vn/san-pham/algenist-sublime-defense-ultra-lightweight-uv-defense-liquid-spf-50-1-0-oz-0854095002599 2026-08-17T00:00:00.000Z daily https://icheck.vn/san-pham/bee-max-bm136-nagaso-dejiket-mau-kich-thuoc-hai-quan-l-4930269150054 2026-08-17T00:00:00.000Z daily https://icheck.vn/san-pham/cans-gillette-fusion-5-fusion5-shave-foam-cream-ultra-sensitive-11-oz-each-0047400662766 2026-08-17T00:00:00.000Z daily https://icheck.vn/san-pham/momiji-lotion-tube-apple-apple-yogurt-300g-8858947902718 2026-08-17T00:00:00.000Z daily https://icheck.vn/san-pham/okayama-prefecture-hanada-foods-setouchi-lemon-yokozuna-ichiban-4902659535086 2026-08-17T00:00:00.000Z daily https://icheck.vn/san-pham/adous-100x-anti-tar-cigarette-filters-stop-smoking-healthier-smoking-6951789260397 2026-08-17T00:00:00.000Z daily https://icheck.vn/san-pham/kiko-milano-smart-urban-shield-face-cream-spf-15-antioxidant-moisturising-50ml-8025272645225 2026-08-17T00:00:00.000Z daily https://icheck.vn/san-pham/when-your-food-comes-and-your-friend-says-can-i-have-some-3333333333338 2026-08-17T00:00:00.000Z daily https://icheck.vn/san-pham/jbw-mens-j6342b-orion-0-12-ctw-18k-gold-plated-stainless-ste-0738964027077 2026-08-17T00:00:00.000Z daily https://icheck.vn/san-pham/ban-chai-cam-dai-bang-nhua-ben-va-lam-sach-6953902702357 2026-08-17T00:00:00.000Z daily https://icheck.vn/san-pham/zhongshi-brand-longjing-green-tea-50g-dong-hop-6912001002065 2026-08-17T00:00:00.000Z daily https://icheck.vn/san-pham/michael-kors-hayes-crossbody-tote-large-leather-bag-in-ash-grey-silver-hdwr-0192877043430 2026-08-17T00:00:00.000Z daily https://icheck.vn/san-pham/8809516812419 2026-08-17T00:00:00.000Z daily https://icheck.vn/san-pham/0058703648760 2026-08-17T00:00:00.000Z daily https://icheck.vn/san-pham/0034000129164 2026-08-17T00:00:00.000Z daily https://icheck.vn/san-pham/4550084305936 2026-08-17T00:00:00.000Z daily https://icheck.vn/san-pham/4987110001706 2026-08-17T00:00:00.000Z daily https://icheck.vn/san-pham/5033102848343 2026-08-17T00:00:00.000Z daily https://icheck.vn/san-pham/5414665013704 2026-08-17T00:00:00.000Z daily https://icheck.vn/san-pham/3574661264219 2026-08-17T00:00:00.000Z daily https://icheck.vn/san-pham/5054832261646 2026-08-17T00:00:00.000Z daily https://icheck.vn/san-pham/0011822617109 2026-08-17T00:00:00.000Z daily https://icheck.vn/san-pham/4714398590369 2026-08-17T00:00:00.000Z daily https://icheck.vn/san-pham/8859539300493 2026-08-17T00:00:00.000Z daily https://icheck.vn/san-pham/4931442420919 2026-08-17T00:00:00.000Z daily https://icheck.vn/san-pham/set-of-2-floating-corner-wall-shelf-home-decor-furniture-shelves-storage-modern-0646437852968 2026-08-17T00:00:00.000Z daily https://icheck.vn/san-pham/bao-cao-su-donzen-don-dai-8cm-khong-rung-big-man-ii-6959532310252 2026-08-17T00:00:00.000Z daily https://icheck.vn/san-pham/darlie-all-shiny-white-2-x-140-g-salt-gum-care-90-g-4891338032452 2026-08-17T00:00:00.000Z daily https://icheck.vn/san-pham/matsuyama-oils-and-fats-leaf-botha-meat-hand-cream-ginger-65-g-gg-4954540143887 2026-08-17T00:00:00.000Z daily https://icheck.vn/san-pham/button-le-le-hello-bebe-children-sports-cup-boys-and-girls-6943620593481 2026-08-17T00:00:00.000Z daily https://icheck.vn/san-pham/nike-m2k-tekno-heren-schoenen-av4789-100-vergelijk-prijzen-0884776232861 2026-08-17T00:00:00.000Z daily https://icheck.vn/san-pham/dax-sun-mleczko-ochronne-dla-dzieci-i-niemowl-t-spf-50-175-ml-5900525051257 2026-08-17T00:00:00.000Z daily https://icheck.vn/san-pham/8432825352705 2026-08-17T00:00:00.000Z daily https://icheck.vn/san-pham/9346951000067 2026-08-17T00:00:00.000Z daily https://icheck.vn/san-pham/0193599041278 2026-08-17T00:00:00.000Z daily https://icheck.vn/san-pham/8808574203887 2026-08-17T00:00:00.000Z daily https://icheck.vn/san-pham/8805566012427 2026-08-17T00:00:00.000Z daily https://icheck.vn/san-pham/0778988293522 2026-08-17T00:00:00.000Z daily https://icheck.vn/san-pham/8858842043424 2026-08-17T00:00:00.000Z daily https://icheck.vn/san-pham/5411021002280 2026-08-17T00:00:00.000Z daily https://icheck.vn/san-pham/8801051150605 2026-08-17T00:00:00.000Z daily https://icheck.vn/san-pham/6953743302532 2026-08-17T00:00:00.000Z daily https://icheck.vn/san-pham/6930044182551 2026-08-17T00:00:00.000Z daily https://icheck.vn/san-pham/9555278101023 2026-08-17T00:00:00.000Z daily https://icheck.vn/san-pham/8857102820010 2026-08-17T00:00:00.000Z daily https://icheck.vn/san-pham/8806164165225 2026-08-17T00:00:00.000Z daily https://icheck.vn/san-pham/0191448300354 2026-08-17T00:00:00.000Z daily https://icheck.vn/san-pham/4716814077454 2026-08-17T00:00:00.000Z daily https://icheck.vn/san-pham/7613111212199 2026-08-17T00:00:00.000Z daily https://icheck.vn/san-pham/8595678401218 2026-08-17T00:00:00.000Z daily https://icheck.vn/san-pham/10754870418966 2026-08-17T00:00:00.000Z daily https://icheck.vn/san-pham/4260461113374 2026-08-17T00:00:00.000Z daily https://icheck.vn/san-pham/3168430235915 2026-08-17T00:00:00.000Z daily https://icheck.vn/san-pham/9555701012049 2026-08-17T00:00:00.000Z daily https://icheck.vn/san-pham/8806185765060 2026-08-17T00:00:00.000Z daily https://icheck.vn/san-pham/screw-top-plastic-container-33-81-fl-oz-10pks-4973230012036 2026-08-17T00:00:00.000Z daily https://icheck.vn/san-pham/893607319084 2026-08-17T00:00:00.000Z daily https://icheck.vn/san-pham/6944639300916 2026-08-17T00:00:00.000Z daily https://icheck.vn/san-pham/0726644100738 2026-08-17T00:00:00.000Z daily https://icheck.vn/san-pham/8935259635005 2026-08-17T00:00:00.000Z daily https://icheck.vn/san-pham/0888411983156 2026-08-17T00:00:00.000Z daily https://icheck.vn/san-pham/6906110216536 2026-08-17T00:00:00.000Z daily https://icheck.vn/san-pham/6970925316163 2026-08-17T00:00:00.000Z daily https://icheck.vn/san-pham/8936070122309 2026-08-17T00:00:00.000Z daily https://icheck.vn/san-pham/9353495455437 2026-08-17T00:00:00.000Z daily https://icheck.vn/san-pham/6901799352810 2026-08-17T00:00:00.000Z daily https://icheck.vn/san-pham/4061618589130 2026-08-17T00:00:00.000Z daily https://icheck.vn/san-pham/0883314631906 2026-08-17T00:00:00.000Z daily https://icheck.vn/san-pham/8809270628769 2026-08-17T00:00:00.000Z daily https://icheck.vn/san-pham/6935940892061 2026-08-17T00:00:00.000Z daily https://icheck.vn/san-pham/3600010846154 2026-08-17T00:00:00.000Z daily https://icheck.vn/san-pham/0079400100450 2026-08-17T00:00:00.000Z daily https://icheck.vn/san-pham/8935279107308 2026-08-17T00:00:00.000Z daily https://icheck.vn/san-pham/8936079381080 2026-08-17T00:00:00.000Z daily https://icheck.vn/san-pham/8809447320007 2026-08-17T00:00:00.000Z daily https://icheck.vn/san-pham/6955001981909 2026-08-17T00:00:00.000Z daily https://icheck.vn/san-pham/4935421701747 2026-08-17T00:00:00.000Z daily https://icheck.vn/san-pham/4713413600588 2026-08-17T00:00:00.000Z daily https://icheck.vn/san-pham/4987475117319 2026-08-17T00:00:00.000Z daily https://icheck.vn/san-pham/893610415030i 2026-08-17T00:00:00.000Z daily https://icheck.vn/san-pham/3141380051064 2026-08-17T00:00:00.000Z daily https://icheck.vn/san-pham/8934588113833 2026-08-17T00:00:00.000Z daily https://icheck.vn/san-pham/0194223346707 2026-08-17T00:00:00.000Z daily https://icheck.vn/san-pham/8809539429144 2026-08-17T00:00:00.000Z daily https://icheck.vn/san-pham/9556755543015 2026-08-17T00:00:00.000Z daily https://icheck.vn/san-pham/0705104720891 2026-08-17T00:00:00.000Z daily https://icheck.vn/san-pham/3838800062723 2026-08-17T00:00:00.000Z daily https://icheck.vn/san-pham/6926857950029 2026-08-17T00:00:00.000Z daily https://icheck.vn/san-pham/0190391742488 2026-08-17T00:00:00.000Z daily https://icheck.vn/san-pham/8052086377394 2026-08-17T00:00:00.000Z daily https://icheck.vn/san-pham/7610522813946 2026-08-17T00:00:00.000Z daily https://icheck.vn/san-pham/4752050202717 2026-08-17T00:00:00.000Z daily https://icheck.vn/san-pham/0745644213729 2026-08-17T00:00:00.000Z daily https://icheck.vn/san-pham/8806195708798 2026-08-17T00:00:00.000Z daily https://icheck.vn/san-pham/6959278802394 2026-08-17T00:00:00.000Z daily https://icheck.vn/san-pham/4571408290134 2026-08-17T00:00:00.000Z daily https://icheck.vn/san-pham/0054269898748 2026-08-17T00:00:00.000Z daily https://icheck.vn/san-pham/8935244219050 2026-08-17T00:00:00.000Z daily https://icheck.vn/san-pham/0011311946765 2026-08-17T00:00:00.000Z daily https://icheck.vn/san-pham/0055742537789 2026-08-17T00:00:00.000Z daily https://icheck.vn/san-pham/4713105377712 2026-08-17T00:00:00.000Z daily https://icheck.vn/san-pham/18801166360750 2026-08-17T00:00:00.000Z daily https://icheck.vn/san-pham/0633911706176 2026-08-17T00:00:00.000Z daily https://icheck.vn/san-pham/0072765000090 2026-08-17T00:00:00.000Z daily https://icheck.vn/san-pham/6972104073263 2026-08-17T00:00:00.000Z daily https://icheck.vn/san-pham/6970724110672 2026-08-17T00:00:00.000Z daily https://icheck.vn/san-pham/4549079574686 2026-08-17T00:00:00.000Z daily https://icheck.vn/san-pham/6922367602373 2026-08-17T00:00:00.000Z daily https://icheck.vn/san-pham/6971173359025 2026-08-17T00:00:00.000Z daily https://icheck.vn/san-pham/0887231781041 2026-08-17T00:00:00.000Z daily https://icheck.vn/san-pham/0079563000079 2026-08-17T00:00:00.000Z daily https://icheck.vn/san-pham/0078587000089 2026-08-17T00:00:00.000Z daily https://icheck.vn/san-pham/8934581730587 2026-08-17T00:00:00.000Z daily https://icheck.vn/san-pham/6970412461024 2026-08-17T00:00:00.000Z daily https://icheck.vn/san-pham/6906112309298 2026-08-17T00:00:00.000Z daily https://icheck.vn/san-pham/6910447104633 2026-08-17T00:00:00.000Z daily https://icheck.vn/san-pham/6933631569704 2026-08-17T00:00:00.000Z daily https://icheck.vn/san-pham/9312964768300 2026-08-17T00:00:00.000Z daily https://icheck.vn/san-pham/6926261701545 2026-08-17T00:00:00.000Z daily https://icheck.vn/san-pham/7316577327635 2026-08-17T00:00:00.000Z daily https://icheck.vn/san-pham/8936059642620 2026-08-17T00:00:00.000Z daily https://icheck.vn/san-pham/3165140061605 2026-08-17T00:00:00.000Z daily https://icheck.vn/san-pham/8938524291098 2026-08-17T00:00:00.000Z daily https://icheck.vn/san-pham/6901769180818 2026-08-17T00:00:00.000Z daily https://icheck.vn/san-pham/8935267413626 2026-08-17T00:00:00.000Z daily https://icheck.vn/san-pham/6971501854932 2026-08-17T00:00:00.000Z daily https://icheck.vn/san-pham/0612779268811 2026-08-17T00:00:00.000Z daily https://icheck.vn/san-pham/4718287058923 2026-08-17T00:00:00.000Z daily https://icheck.vn/san-pham/4260496245071 2026-08-17T00:00:00.000Z daily https://icheck.vn/san-pham/4716872045655 2026-08-17T00:00:00.000Z daily https://icheck.vn/san-pham/6930052921982 2026-08-17T00:00:00.000Z daily https://icheck.vn/san-pham/6943294505803 2026-08-17T00:00:00.000Z daily https://icheck.vn/san-pham/8801454180810 2026-08-17T00:00:00.000Z daily https://icheck.vn/san-pham/6953743315303 2026-08-17T00:00:00.000Z daily https://icheck.vn/san-pham/8809035143520 2026-08-17T00:00:00.000Z daily https://icheck.vn/san-pham/5410531555576 2026-08-17T00:00:00.000Z daily https://icheck.vn/san-pham/8809612852050 2026-08-17T00:00:00.000Z daily https://icheck.vn/san-pham/8809563972395 2026-08-17T00:00:00.000Z daily https://icheck.vn/san-pham/05000396015225 2026-08-17T00:00:00.000Z daily https://icheck.vn/san-pham/8850222012211 2026-08-17T00:00:00.000Z daily https://icheck.vn/san-pham/0192340966549 2026-08-17T00:00:00.000Z daily https://icheck.vn/san-pham/6932014711181 2026-08-17T00:00:00.000Z daily https://icheck.vn/san-pham/4902430754989 2026-08-17T00:00:00.000Z daily https://icheck.vn/san-pham/8938527416856 2026-08-17T00:00:00.000Z daily https://icheck.vn/san-pham/8018799013608 2026-08-17T00:00:00.000Z daily https://icheck.vn/san-pham/6901798182814 2026-08-17T00:00:00.000Z daily https://icheck.vn/san-pham/8697040101389 2026-08-17T00:00:00.000Z daily https://icheck.vn/san-pham/8005610311425 2026-08-17T00:00:00.000Z daily https://icheck.vn/san-pham/8935256490294 2026-08-17T00:00:00.000Z daily https://icheck.vn/san-pham/0887167437326 2026-08-17T00:00:00.000Z daily https://icheck.vn/san-pham/6910889517336 2026-08-17T00:00:00.000Z daily https://icheck.vn/san-pham/0094595000088 2026-08-17T00:00:00.000Z daily https://icheck.vn/san-pham/6931726110428 2026-08-17T00:00:00.000Z daily https://icheck.vn/san-pham/6934533422715 2026-08-17T00:00:00.000Z daily https://icheck.vn/san-pham/0888435746034 2026-08-17T00:00:00.000Z daily https://icheck.vn/san-pham/4942355701873 2026-08-17T00:00:00.000Z daily https://icheck.vn/san-pham/0192609345955 2026-08-17T00:00:00.000Z daily https://icheck.vn/san-pham/3609680188984 2026-08-17T00:00:00.000Z daily https://icheck.vn/san-pham/8853734733308 2026-08-17T00:00:00.000Z daily https://icheck.vn/san-pham/8809297387960 2026-08-17T00:00:00.000Z daily https://icheck.vn/san-pham/8809410670641 2026-08-17T00:00:00.000Z daily https://icheck.vn/san-pham/0077177000096 2026-08-17T00:00:00.000Z daily https://icheck.vn/san-pham/0611885619623 2026-08-17T00:00:00.000Z daily https://icheck.vn/san-pham/9352403934514 2026-08-17T00:00:00.000Z daily https://icheck.vn/san-pham/6930415110053 2026-08-17T00:00:00.000Z daily https://icheck.vn/san-pham/0082146030608 2026-08-17T00:00:00.000Z daily https://icheck.vn/san-pham/9009235042404 2026-08-17T00:00:00.000Z daily https://icheck.vn/san-pham/6412703654758 2026-08-17T00:00:00.000Z daily https://icheck.vn/san-pham/8801038116723 2026-08-17T00:00:00.000Z daily https://icheck.vn/san-pham/0888391794001 2026-08-17T00:00:00.000Z daily https://icheck.vn/san-pham/4005900663313 2026-08-17T00:00:00.000Z daily https://icheck.vn/san-pham/0061483003810 2026-08-17T00:00:00.000Z daily https://icheck.vn/san-pham/6952216204137 2026-08-17T00:00:00.000Z daily https://icheck.vn/san-pham/0077975082119 2026-08-17T00:00:00.000Z daily https://icheck.vn/san-pham/-7000029817019 2026-08-17T00:00:00.000Z daily https://icheck.vn/san-pham/4061617163775 2026-08-17T00:00:00.000Z daily https://icheck.vn/san-pham/6934593619070 2026-08-17T00:00:00.000Z daily https://icheck.vn/san-pham/8935061389271 2026-08-17T00:00:00.000Z daily https://icheck.vn/san-pham/8936092566792 2026-08-17T00:00:00.000Z daily https://icheck.vn/san-pham/0888819280482 2026-08-17T00:00:00.000Z daily https://icheck.vn/san-pham/8935083575591 2026-08-17T00:00:00.000Z daily https://icheck.vn/san-pham/6930343454540 2026-08-17T00:00:00.000Z daily https://icheck.vn/san-pham/0011289620186 2026-08-17T00:00:00.000Z daily https://icheck.vn/san-pham/8938514868998 2026-08-17T00:00:00.000Z daily https://icheck.vn/san-pham/8936040626400 2026-08-17T00:00:00.000Z daily https://icheck.vn/san-pham/8936110962216 2026-08-17T00:00:00.000Z daily https://icheck.vn/san-pham/6972453600066 2026-08-17T00:00:00.000Z daily https://icheck.vn/san-pham/4549734446648 2026-08-17T00:00:00.000Z daily https://icheck.vn/san-pham/8936046796763 2026-08-17T00:00:00.000Z daily https://icheck.vn/san-pham/8935274604932 2026-08-17T00:00:00.000Z daily https://icheck.vn/san-pham/8445035177716 2026-08-17T00:00:00.000Z daily https://icheck.vn/san-pham/9555250053555 2026-08-17T00:00:00.000Z daily https://icheck.vn/san-pham/8809377401524 2026-08-17T00:00:00.000Z daily https://icheck.vn/san-pham/8936110267703 2026-08-17T00:00:00.000Z daily https://icheck.vn/san-pham/8935237808506 2026-08-17T00:00:00.000Z daily https://icheck.vn/san-pham/4710751660335 2026-08-17T00:00:00.000Z daily https://icheck.vn/san-pham/0707129324399 2026-08-17T00:00:00.000Z daily https://icheck.vn/san-pham/0193153197182 2026-08-17T00:00:00.000Z daily https://icheck.vn/san-pham/89352645 2026-08-17T00:00:00.000Z daily https://icheck.vn/san-pham/4894532449385 2026-08-17T00:00:00.000Z daily https://icheck.vn/san-pham/3468000052844 2026-08-17T00:00:00.000Z daily https://icheck.vn/san-pham/5000267110868 2026-08-17T00:00:00.000Z daily https://icheck.vn/san-pham/0071662009762 2026-08-17T00:00:00.000Z daily https://icheck.vn/san-pham/0863643000208 2026-08-17T00:00:00.000Z daily https://icheck.vn/san-pham/8801753000970 2026-08-17T00:00:00.000Z daily https://icheck.vn/san-pham/6921922345366 2026-08-17T00:00:00.000Z daily https://icheck.vn/san-pham/3608439470158 2026-08-17T00:00:00.000Z daily https://icheck.vn/san-pham/6957376013322 2026-08-17T00:00:00.000Z daily https://icheck.vn/san-pham/4060509060437 2026-08-17T00:00:00.000Z daily https://icheck.vn/san-pham/0192610346033 2026-08-17T00:00:00.000Z daily https://icheck.vn/san-pham/8809674077095 2026-08-17T00:00:00.000Z daily https://icheck.vn/san-pham/8435264547602 2026-08-17T00:00:00.000Z daily https://icheck.vn/san-pham/9348607003361 2026-08-17T00:00:00.000Z daily https://icheck.vn/san-pham/8801038141015 2026-08-17T00:00:00.000Z daily https://icheck.vn/san-pham/6972180510140 2026-08-17T00:00:00.000Z daily https://icheck.vn/san-pham/8935044549456 2026-08-17T00:00:00.000Z daily https://icheck.vn/san-pham/8936094296451 2026-08-17T00:00:00.000Z daily https://icheck.vn/san-pham/8936078480654 2026-08-17T00:00:00.000Z daily https://icheck.vn/san-pham/4580258831022 2026-08-17T00:00:00.000Z daily https://icheck.vn/san-pham/0829576016167 2026-08-17T00:00:00.000Z daily https://icheck.vn/san-pham/893600008963 2026-08-17T00:00:00.000Z daily https://icheck.vn/san-pham/8934680034656 2026-08-17T00:00:00.000Z daily https://icheck.vn/san-pham/8936092566808 2026-08-17T00:00:00.000Z daily https://icheck.vn/san-pham/8809612864466 2026-08-17T00:00:00.000Z daily https://icheck.vn/san-pham/6910889521395 2026-08-17T00:00:00.000Z daily https://icheck.vn/san-pham/6926278304975 2026-08-17T00:00:00.000Z daily https://icheck.vn/san-pham/6970772675918 2026-08-17T00:00:00.000Z daily https://icheck.vn/san-pham/4936251680721 2026-08-17T00:00:00.000Z daily https://icheck.vn/san-pham/8934581987981 2026-08-17T00:00:00.000Z daily https://icheck.vn/san-pham/4902817755110 2026-08-17T00:00:00.000Z daily https://icheck.vn/san-pham/6942811884759 2026-08-17T00:00:00.000Z daily https://icheck.vn/san-pham/6956637646200 2026-08-17T00:00:00.000Z daily https://icheck.vn/san-pham/9556032025104 2026-08-17T00:00:00.000Z daily https://icheck.vn/san-pham/3302930000080 2026-08-17T00:00:00.000Z daily https://icheck.vn/san-pham/6902454352046 2026-08-17T00:00:00.000Z daily https://icheck.vn/san-pham/8936036470420 2026-08-17T00:00:00.000Z daily https://icheck.vn/san-pham/8801643930035 2026-08-17T00:00:00.000Z daily https://icheck.vn/san-pham/4712883783548 2026-08-17T00:00:00.000Z daily https://icheck.vn/san-pham/8806130892223 2026-08-17T00:00:00.000Z daily https://icheck.vn/san-pham/4936171841561 2026-08-17T00:00:00.000Z daily https://icheck.vn/san-pham/8002824000060 2026-08-17T00:00:00.000Z daily https://icheck.vn/san-pham/3701321622311 2026-08-17T00:00:00.000Z daily https://icheck.vn/san-pham/7613109164332 2026-08-17T00:00:00.000Z daily https://icheck.vn/san-pham/29340992021436 2026-08-17T00:00:00.000Z daily https://icheck.vn/san-pham/3031449451808 2026-08-17T00:00:00.000Z daily https://icheck.vn/san-pham/9419067731887 2026-08-17T00:00:00.000Z daily https://icheck.vn/san-pham/8801051341652 2026-08-17T00:00:00.000Z daily https://icheck.vn/san-pham/6923785498302 2026-08-17T00:00:00.000Z daily https://icheck.vn/san-pham/8936138642039 2026-08-17T00:00:00.000Z daily https://icheck.vn/san-pham/6954547203230 2026-08-17T00:00:00.000Z daily https://icheck.vn/san-pham/8936013332550 2026-08-17T00:00:00.000Z daily https://icheck.vn/san-pham/8804342000771 2026-08-17T00:00:00.000Z daily https://icheck.vn/san-pham/08718696687291 2026-08-17T00:00:00.000Z daily https://icheck.vn/san-pham/89352174113 2026-08-17T00:00:00.000Z daily https://icheck.vn/san-pham/4535683078351 2026-08-17T00:00:00.000Z daily https://icheck.vn/san-pham/0191655083170 2026-08-17T00:00:00.000Z daily https://icheck.vn/san-pham/0852269007227 2026-08-17T00:00:00.000Z daily https://icheck.vn/san-pham/4057967441168 2026-08-17T00:00:00.000Z daily https://icheck.vn/san-pham/6936017228042 2026-08-17T00:00:00.000Z daily https://icheck.vn/san-pham/5057796965179 2026-08-17T00:00:00.000Z daily https://icheck.vn/san-pham/6958923400053 2026-08-17T00:00:00.000Z daily https://icheck.vn/san-pham/4752050202700 2026-08-17T00:00:00.000Z daily https://icheck.vn/san-pham/6914358608389 2026-08-17T00:00:00.000Z daily https://icheck.vn/san-pham/7391159018224 2026-08-17T00:00:00.000Z daily https://icheck.vn/san-pham/8801038116211 2026-08-17T00:00:00.000Z daily https://icheck.vn/san-pham/4710427781388 2026-08-17T00:00:00.000Z daily https://icheck.vn/san-pham/9555012410954 2026-08-17T00:00:00.000Z daily https://icheck.vn/san-pham/5028197963316 2026-08-17T00:00:00.000Z daily https://icheck.vn/san-pham/8801643270162 2026-08-17T00:00:00.000Z daily https://icheck.vn/san-pham/6957038122386 2026-08-17T00:00:00.000Z daily https://icheck.vn/san-pham/8803167000843 2026-08-17T00:00:00.000Z daily https://icheck.vn/san-pham/8809612870863 2026-08-17T00:00:00.000Z daily https://icheck.vn/san-pham/8936105720203 2026-08-17T00:00:00.000Z daily https://icheck.vn/san-pham/8859257403438 2026-08-17T00:00:00.000Z daily https://icheck.vn/san-pham/6291100780105 2026-08-17T00:00:00.000Z daily https://icheck.vn/san-pham/3114082040605 2026-08-17T00:00:00.000Z daily https://icheck.vn/san-pham/0035500000526 2026-08-17T00:00:00.000Z daily https://icheck.vn/san-pham/0345802952264 2026-08-17T00:00:00.000Z daily https://icheck.vn/san-pham/0675595170256 2026-08-17T00:00:00.000Z daily https://icheck.vn/san-pham/6972129660295 2026-08-17T00:00:00.000Z daily https://icheck.vn/san-pham/4549131696202 2026-08-17T00:00:00.000Z daily https://icheck.vn/san-pham/0628212272222 2026-08-17T00:00:00.000Z daily https://icheck.vn/san-pham/8804312000473 2026-08-17T00:00:00.000Z daily https://icheck.vn/san-pham/8938511269420 2026-08-17T00:00:00.000Z daily https://icheck.vn/san-pham/8413391054415 2026-08-17T00:00:00.000Z daily https://icheck.vn/san-pham/8809631801206 2026-08-17T00:00:00.000Z daily https://icheck.vn/san-pham/0025725524631 2026-08-17T00:00:00.000Z daily https://icheck.vn/san-pham/6904239512782 2026-08-17T00:00:00.000Z daily https://icheck.vn/san-pham/0032251380631 2026-08-17T00:00:00.000Z daily https://icheck.vn/san-pham/8888176020877 2026-08-17T00:00:00.000Z daily https://icheck.vn/san-pham/9310537105149 2026-08-17T00:00:00.000Z daily https://icheck.vn/san-pham/7613388858076 2026-08-17T00:00:00.000Z daily https://icheck.vn/san-pham/0639277843203 2026-08-17T00:00:00.000Z daily https://icheck.vn/san-pham/0086800261537 2026-08-17T00:00:00.000Z daily https://icheck.vn/san-pham/0088381466790 2026-08-17T00:00:00.000Z daily https://icheck.vn/san-pham/4510579005024 2026-08-17T00:00:00.000Z daily https://icheck.vn/san-pham/8857101920506 2026-08-17T00:00:00.000Z daily https://icheck.vn/san-pham/4713193002336 2026-08-17T00:00:00.000Z daily https://icheck.vn/san-pham/0190231227885 2026-08-17T00:00:00.000Z daily https://icheck.vn/san-pham/00883285990002 2026-08-17T00:00:00.000Z daily https://icheck.vn/san-pham/8938517657207 2026-08-17T00:00:00.000Z daily https://icheck.vn/san-pham/0044292225758 2026-08-17T00:00:00.000Z daily https://icheck.vn/san-pham/4316268485876 2026-08-17T00:00:00.000Z daily https://icheck.vn/san-pham/4510579011315 2026-08-17T00:00:00.000Z daily https://icheck.vn/san-pham/8936060973300 2026-08-17T00:00:00.000Z daily https://icheck.vn/san-pham/8934609107141 2026-08-17T00:00:00.000Z daily https://icheck.vn/san-pham/kem-duong-da-johnson-cho-da-nhay-cam-200ml-4801010518303 2026-08-17T00:00:00.000Z daily https://icheck.vn/san-pham/alfaparf-semi-di-lino-diamond-shampoo-250ml-8022297012636 2026-08-17T00:00:00.000Z daily https://icheck.vn/san-pham/abercrombie-and-fitch-sport-double-power-4015000912815 2026-08-17T00:00:00.000Z daily https://icheck.vn/san-pham/isadora-nude-cushion-foundation-14-nude-vanilla-7317851242149 2026-08-17T00:00:00.000Z daily https://icheck.vn/san-pham/philips-avent-newborn-pacifier-0-2-months-blue-green-2-pack-scf151-01-0075020061072 2026-08-17T00:00:00.000Z daily https://icheck.vn/san-pham/crocs-swiftwater-wave-shoe-noir-pearl-blanc-croslite-0887350853667 2026-08-17T00:00:00.000Z daily https://icheck.vn/san-pham/johnson-s-baby-top-to-toe-massage-lotion-3574660651300 2026-08-17T00:00:00.000Z daily https://icheck.vn/san-pham/ildong-korea-freeze-fruit-chip-pear-15g-8801157552716 2026-08-17T00:00:00.000Z daily https://icheck.vn/san-pham/kem-duong-da-tay-missha-8809530062951 2026-08-17T00:00:00.000Z daily https://icheck.vn/san-pham/uv-expert-youth-shield-bb-complete-1-spf50-pa-50m-4935421658300 2026-08-17T00:00:00.000Z daily https://icheck.vn/san-pham/no7-laboratories-dark-spot-correcting-booster-serum-15ml-0-5oz-5000167258141 2026-08-17T00:00:00.000Z daily https://icheck.vn/san-pham/burberry-4236f-sunglasses-30018g-black-100-8053672662580 2026-08-17T00:00:00.000Z daily https://icheck.vn/san-pham/tinh-dau-toi-me-bong-gold-10ml-8938527404167 2026-08-17T00:00:00.000Z daily https://icheck.vn/san-pham/flower-beauty-shimmer-and-strobe-highlighting-palette-0840797106109 2026-08-17T00:00:00.000Z daily https://icheck.vn/san-pham/laneige-silk-intense-lipstick-no-465-privilege-8806390532693 2026-08-17T00:00:00.000Z daily https://icheck.vn/san-pham/dau-xa-cham-soc-hang-ngay-dove-640ml-8851932374972 2026-08-17T00:00:00.000Z daily https://icheck.vn/san-pham/dung-cu-hut-mui-cho-be-kai-nhat-ban-4901601275858 2026-08-17T00:00:00.000Z daily https://icheck.vn/san-pham/makita-b-29094-bit-holder-flexible-300-mm-0088381415521 2026-08-17T00:00:00.000Z daily https://icheck.vn/san-pham/kapary-plody-ve-vinnem-octu-capparis-300g-8005363077012 2026-08-17T00:00:00.000Z daily https://icheck.vn/san-pham/palmers-olive-oil-formula-with-vitamin-e-conditioner-replenish-250ml-0010181125942 2026-08-17T00:00:00.000Z daily https://icheck.vn/san-pham/co-tra-dinh-non-dac-biet-hop-200gr-8938529818139 2026-08-17T00:00:00.000Z daily https://icheck.vn/san-pham/kanebo-coffret-doll-bright-up-che-khuyet-diem-3-9g-4973167327753 2026-08-17T00:00:00.000Z daily https://icheck.vn/san-pham/albion-excia-whitening-rich-milk-sv-200g-4969527142364 2026-08-17T00:00:00.000Z daily https://icheck.vn/san-pham/ntn-bearing-6901llu-6901llu-brand-new-4547359006537 2026-08-17T00:00:00.000Z daily https://icheck.vn/san-pham/dr-fresh-aim-premium-travel-toothbrush-set-of-2-0672935781042 2026-08-17T00:00:00.000Z daily https://icheck.vn/san-pham/clinique-dramatically-different-lipstick-shaping-lip-colour-25-angel-red-3g-0-1oz-0020714922498 2026-08-17T00:00:00.000Z daily https://icheck.vn/san-pham/rna-power-airy-milky-lotion-radical-new-age-coffret-le-4979006087734 2026-08-17T00:00:00.000Z daily https://icheck.vn/san-pham/-it-s-skin-green-tea-calming-cleansing-oil-145ml-8809241887409 2026-08-17T00:00:00.000Z daily https://icheck.vn/san-pham/comfort-love-sweet-girl-shampoo-500ml-8681554603217 2026-08-17T00:00:00.000Z daily https://icheck.vn/san-pham/visenlex-son-ban-bong-noi-that-v600-19-8kg-8936103830904 2026-08-17T00:00:00.000Z daily https://icheck.vn/san-pham/adidas-adizero-afterburner-3-xeno-black-silver-b42903-10-0889772874527 2026-08-17T00:00:00.000Z daily https://icheck.vn/san-pham/amika-the-wizard-detangling-primer-1-oz-hair-care-0815151025563 2026-08-17T00:00:00.000Z daily https://icheck.vn/san-pham/parfois-faux-raffia-party-bag-women-size-m-5606428727564 2026-08-17T00:00:00.000Z daily https://icheck.vn/san-pham/national-geographic-4n01103-68-explorer-shoulder-bag-for-men-yellow-4006268611152 2026-08-17T00:00:00.000Z daily https://icheck.vn/san-pham/mustang-by-estee-lauder-eau-de-toilette-spray-3-4-oz-100-ml-men-0022548156094 2026-08-17T00:00:00.000Z daily https://icheck.vn/san-pham/lancome-rouge-mademoiselle-shine-168-shine-declaration-3614272321472 2026-08-17T00:00:00.000Z daily https://icheck.vn/san-pham/an-do-an-nhe-cay-do-an-nhe-hop-thuc-an-nhe-6953645911153 2026-08-17T00:00:00.000Z daily https://icheck.vn/san-pham/blood-glucose-measurement-with-medsafe-needle-fine-touch-only-30-books-4987350244437 2026-08-17T00:00:00.000Z daily https://icheck.vn/san-pham/keo-storck-riesen-dark-chocolate-hop-sat-380g-4014400390889 2026-08-17T00:00:00.000Z daily https://icheck.vn/san-pham/zahler-omega-3-platinum-advanced-omega-3-fish-oil-3000-mg-0848998080594 2026-08-17T00:00:00.000Z daily https://icheck.vn/san-pham/hera-rouge-holic-cream-3g-145-havana-pink-8809516837542 2026-08-17T00:00:00.000Z daily https://icheck.vn/san-pham/instant-crush-by-mancera-edp-eau-de-parfum-4-fl-oz-120-ml-new-sealed-3760265193134 2026-08-17T00:00:00.000Z daily https://icheck.vn/san-pham/xit-khoang-laneige-water-bank-moisture-mist-70ml-8809585091135 2026-08-17T00:00:00.000Z daily https://icheck.vn/san-pham/apa-micelara-garnier-pure-active-400-ml-3600541595255 2026-08-17T00:00:00.000Z daily https://icheck.vn/san-pham/adidas-obuv-superstar-slip-on-erna-4059814261677 2026-08-17T00:00:00.000Z daily https://icheck.vn/san-pham/darbo-bl-tenhonig-500g-9001432044687 2026-08-17T00:00:00.000Z daily https://icheck.vn/san-pham/nhan-sacha-inchi-rang-muoi-100gr-8938526855076 2026-08-17T00:00:00.000Z daily https://icheck.vn/san-pham/-spring-limited-6-mon-trung-trang-4980655005314 2026-08-17T00:00:00.000Z daily https://icheck.vn/san-pham/230gmff-jam-sandwich-biscuits-ice-cream-4897069770809 2026-08-17T00:00:00.000Z daily https://icheck.vn/san-pham/5849-jinyu-mouth-cup-6943813058490 2026-08-17T00:00:00.000Z daily https://icheck.vn/san-pham/converse-ct-dainty-ox-39-wei-0886951961535 2026-08-17T00:00:00.000Z daily https://icheck.vn/san-pham/ensure-nutrivigor-flavour-vanilla-format-saving-850gr-abbott-173248-8427030005607 2026-08-17T00:00:00.000Z daily https://icheck.vn/san-pham/adidas-scarpa-solar-boost-blueturc-5-4059811922137 2026-08-17T00:00:00.000Z daily https://icheck.vn/san-pham/jack-daniel-s-master-distiller-6-whiskey-0-7l-5099873011997 2026-08-17T00:00:00.000Z daily https://icheck.vn/san-pham/cinnamon-bowl-50-capsules-8855643006306 2026-08-17T00:00:00.000Z daily https://icheck.vn/san-pham/lopo-panang-curry-paste-50g-8850030116323 2026-08-17T00:00:00.000Z daily https://icheck.vn/san-pham/pure-butter-assorted-shortbread-walkers-180-g-0039047018501 2026-08-17T00:00:00.000Z daily https://icheck.vn/san-pham/vigor-milk-pedia-gold-8936187421067 2026-08-17T00:00:00.000Z daily https://icheck.vn/san-pham/prosalon-conditioner-intensis-color-5900249310036 2026-08-17T00:00:00.000Z daily https://icheck.vn/san-pham/biotech-usa-bcaa-zero-360g-lemon-ice-tea-5999076225507 2026-08-17T00:00:00.000Z daily https://icheck.vn/san-pham/kacao-nesquik-400g-7613037093346 2026-08-17T00:00:00.000Z daily https://icheck.vn/san-pham/ca-cao-va-vani-336-gr-4670006219438 2026-08-17T00:00:00.000Z daily https://icheck.vn/san-pham/rituals-softening-miracle-hand-scrub-8719134048810 2026-08-17T00:00:00.000Z daily https://icheck.vn/san-pham/wobenzym-enterosolventni-tableta-800-4030142138114 2026-08-17T00:00:00.000Z daily https://icheck.vn/san-pham/lux-bar-soap-sakura-75-g-8851932379038 2026-08-17T00:00:00.000Z daily https://icheck.vn/san-pham/thuoc-mo-hifmedic-pv-6g-4980673003828 2026-08-17T00:00:00.000Z daily https://icheck.vn/san-pham/set-55-tui-giay-loc-ca-phe-size-m-4969757105696 2026-08-17T00:00:00.000Z daily https://icheck.vn/san-pham/pringles-salt-vinegar-165-gr-5053990127733 2026-08-17T00:00:00.000Z daily https://icheck.vn/san-pham/amrutanjan-maha-strong-8-ml-8901803001671 2026-08-17T00:00:00.000Z daily https://icheck.vn/san-pham/vr20032-mq-i-1000000000025 2026-08-17T00:00:00.000Z daily https://icheck.vn/san-pham/bep-tu-doi-binova-bi-808tl-8851992808578 2026-08-17T00:00:00.000Z daily https://icheck.vn/san-pham/aku-mini-tower-royal-heritage-balancing-emulsion-8809592490815 2026-08-17T00:00:00.000Z daily https://icheck.vn/san-pham/calvin-klein-strap-hobo-lipstick-red-8719115743369 2026-08-17T00:00:00.000Z daily https://icheck.vn/san-pham/tutu-bow-antioxidant-rejuvenating-lotion-4712928700127 2026-08-17T00:00:00.000Z daily https://icheck.vn/san-pham/carino-water-8806334363512 2026-08-17T00:00:00.000Z daily https://icheck.vn/san-pham/yung-96-silver-grey-gold-4060514085746 2026-08-17T00:00:00.000Z daily https://icheck.vn/san-pham/tinh-dau-treo-xe-120-8938524093456 2026-08-17T00:00:00.000Z daily https://icheck.vn/san-pham/maped-kidz-easy-360-degrees-agility-compass-3154141816109 2026-08-17T00:00:00.000Z daily https://icheck.vn/san-pham/damen-sneakers-bestellen-4060509039389 2026-08-17T00:00:00.000Z daily https://icheck.vn/san-pham/727-quante-face-up-power-4940476111472 2026-08-17T00:00:00.000Z daily https://icheck.vn/san-pham/vo-kn-lightwing-imagination-120tr-1701-8935286617012 2026-08-17T00:00:00.000Z daily https://icheck.vn/san-pham/but-chi-go-hb-flexoffice-fo-gp01-8935219420092 2026-08-17T00:00:00.000Z daily https://icheck.vn/san-pham/s-bloodstream-improvement-waist-4901548601215 2026-08-17T00:00:00.000Z daily https://icheck.vn/san-pham/miscelatore-1400w-ingco-italia-6928073601877 2026-08-17T00:00:00.000Z daily https://icheck.vn/san-pham/organic-traditions-snacks-raw-shelled-0627733007214 2026-08-17T00:00:00.000Z daily https://icheck.vn/san-pham/niod-copper-amino-isolate-serum-2-1-30ml-0769915152012 2026-08-17T00:00:00.000Z daily https://icheck.vn/san-pham/banh-khoai-tay-8938515473373 2026-08-17T00:00:00.000Z daily https://icheck.vn/san-pham/sobo-wp-408-h-hang-on-filter-6925394800477 2026-08-17T00:00:00.000Z daily https://icheck.vn/san-pham/baseus-adapter-usb-l45-type-c-to-usb-type-c-mini-jack-3-5-6953156278585 2026-08-17T00:00:00.000Z daily https://icheck.vn/san-pham/adidas-nmd-r1-w-cq2012-4059323567451 2026-08-17T00:00:00.000Z daily https://icheck.vn/san-pham/chimay-grande-reserve-2017-5410908002788 2026-08-17T00:00:00.000Z daily https://icheck.vn/san-pham/candy-roshen-chocolateria-assorted-194-g-4823077624285 2026-08-17T00:00:00.000Z daily https://icheck.vn/san-pham/makita-ml105-10-8v-led-cxt-worklight-bare-unit-0088381836180 2026-08-17T00:00:00.000Z daily https://icheck.vn/san-pham/vdivov-eye-cut-auto-liner-brown-8801051342079 2026-08-17T00:00:00.000Z daily https://icheck.vn/san-pham/balea-pflegecreme-vanille-schokolade-4058172002076 2026-08-17T00:00:00.000Z daily https://icheck.vn/san-pham/chope-forme-basse-35-cl-lima-chef-et-sommelier-0026102131817 2026-08-17T00:00:00.000Z daily https://icheck.vn/san-pham/zebra-mildliner-double-tip-summer-green-highlighter-4901681580408 2026-08-17T00:00:00.000Z daily https://icheck.vn/san-pham/dewalt-black-oxide-drill-bit-set-14-piece-0885911426732 2026-08-17T00:00:00.000Z daily https://icheck.vn/san-pham/khu-mui-hoi-giay-4713689927549 2026-08-17T00:00:00.000Z daily https://icheck.vn/san-pham/paimoa-shining-mask-1000g-4560124339784 2026-08-17T00:00:00.000Z daily https://icheck.vn/san-pham/6935016801287 2026-08-17T00:00:00.000Z daily https://icheck.vn/san-pham/5013967014190 2026-08-17T00:00:00.000Z daily https://icheck.vn/san-pham/8938510459202 2026-08-17T00:00:00.000Z daily https://icheck.vn/san-pham/4061184115016 2026-08-17T00:00:00.000Z daily https://icheck.vn/san-pham/0193280664496 2026-08-17T00:00:00.000Z daily https://icheck.vn/san-pham/8691190857189 2026-08-17T00:00:00.000Z daily https://icheck.vn/san-pham/5607530930026 2026-08-17T00:00:00.000Z daily https://icheck.vn/san-pham/8595249118040 2026-08-17T00:00:00.000Z daily https://icheck.vn/san-pham/5901801581000 2026-08-17T00:00:00.000Z daily https://icheck.vn/san-pham/4510579011292 2026-08-17T00:00:00.000Z daily https://icheck.vn/san-pham/6927762518267 2026-08-17T00:00:00.000Z daily https://icheck.vn/san-pham/4894532381463 2026-08-17T00:00:00.000Z daily https://icheck.vn/san-pham/8801775719706 2026-08-17T00:00:00.000Z daily https://icheck.vn/san-pham/6945426701343 2026-08-17T00:00:00.000Z daily https://icheck.vn/san-pham/8809360970709 2026-08-17T00:00:00.000Z daily https://icheck.vn/san-pham/6937372081082 2026-08-17T00:00:00.000Z daily https://icheck.vn/san-pham/8886442347819 2026-08-17T00:00:00.000Z daily https://icheck.vn/san-pham/9335666002671 2026-08-17T00:00:00.000Z daily https://icheck.vn/san-pham/18801045930425 2026-08-17T00:00:00.000Z daily https://icheck.vn/san-pham/0192341453291 2026-08-17T00:00:00.000Z daily https://icheck.vn/san-pham/8801643427429 2026-08-17T00:00:00.000Z daily https://icheck.vn/san-pham/3760277890328 2026-08-17T00:00:00.000Z daily https://icheck.vn/san-pham/3274872344921 2026-08-17T00:00:00.000Z daily https://icheck.vn/san-pham/bath-body-works-bright-autumn-blooms-shower-gel-10-fl-oz-each-0667547786035 2026-08-17T00:00:00.000Z daily https://icheck.vn/san-pham/ao-so-mi-nam-tay-dai-trung-nien-soc-nho-8936042121299 2026-08-17T00:00:00.000Z daily https://icheck.vn/san-pham/wild-argan-oil-the-radiant-oil-125ml-5028197459314 2026-08-17T00:00:00.000Z daily https://icheck.vn/san-pham/300g-yonghe-soymilk-sugar-free-soymilk-powder-300gx1-group-6950361041010 2026-08-17T00:00:00.000Z daily https://icheck.vn/san-pham/125ml-chunhua-brand-zhuangyang-1-24-bottle-6904408870101 2026-08-17T00:00:00.000Z daily https://icheck.vn/san-pham/become-calm-an-adjustment-meiji-brief-fatty-tuna-make-stick-2-5-g-4902705120631 2026-08-17T00:00:00.000Z daily https://icheck.vn/san-pham/noble-acqua-di-parisis-for-women-3-3oz-100ml-edp-3700066713520 2026-08-17T00:00:00.000Z daily https://icheck.vn/san-pham/coach-hudson-2018-black-natural-leather-backpack-laptop-pocket-f23202-0191202439429 2026-08-17T00:00:00.000Z daily https://icheck.vn/san-pham/salt-of-the-earth-company-charcoal-soap-4982757911135 2026-08-17T00:00:00.000Z daily https://icheck.vn/san-pham/mat-na-giay-purita-chiet-xuat-trai-luu-22g-8809210037460 2026-08-17T00:00:00.000Z daily https://icheck.vn/san-pham/27-for-approximately-three-days-with-the-naturism-premium-carrying-case-diet-supplement-4571415380187 2026-08-17T00:00:00.000Z daily https://icheck.vn/san-pham/big-brother-bbq-huong-vi-dau-phong-17g-8852023665498 2026-08-17T00:00:00.000Z daily https://icheck.vn/san-pham/jiajia-zhensheng-bom-800ml-6920761202311-6920761202311 2026-08-17T00:00:00.000Z daily https://icheck.vn/san-pham/sneakers-scarpe-donna-adidas-campus-w-15705046-4059807008180 2026-08-17T00:00:00.000Z daily https://icheck.vn/san-pham/morehouse-spicy-mustard-sauce-chai-ep-340g-chai-0011209003150 2026-08-17T00:00:00.000Z daily https://icheck.vn/san-pham/bath-body-works-salted-caramel-apricot-whipped-butter-pure-0667544670054 2026-08-17T00:00:00.000Z daily https://icheck.vn/san-pham/son-shu-uemura-m-or-rouge-unlimited-mau-344-4935421705493 2026-08-17T00:00:00.000Z daily https://icheck.vn/san-pham/kowa-japan-kanzo-kowa-2-tabs-x-10-sachet-4987067465101 2026-08-17T00:00:00.000Z daily https://icheck.vn/san-pham/kobayashi-made-drugs-folic-acid-30-grain-supplements-4987072069219 2026-08-17T00:00:00.000Z daily https://icheck.vn/san-pham/lupulup-hair-color-treatment-brown-200g-4511914903258 2026-08-17T00:00:00.000Z daily https://icheck.vn/san-pham/vien-nen-nhai-pureana-c-240-vien-4954391105119 2026-08-17T00:00:00.000Z daily https://icheck.vn/san-pham/hudson-baby-animal-face-hooded-towel-nerdy-fox-0660168570533 2026-08-17T00:00:00.000Z daily https://icheck.vn/san-pham/sot-ca-hoi-muoi-man-chungjungone-750g-grand-8801052739793 2026-08-17T00:00:00.000Z daily https://icheck.vn/san-pham/philosophy-time-in-a-bottle-100-in-control-resist-repair-serum-40ml-3614222736868 2026-08-17T00:00:00.000Z daily https://icheck.vn/san-pham/3429325001108-ean-500-110-globber-500-110-casque-pour-3429325001108 2026-08-17T00:00:00.000Z daily https://icheck.vn/san-pham/adidas-originals-sneaker-superstar-w-1-4059811844187 2026-08-17T00:00:00.000Z daily https://icheck.vn/san-pham/bo-suu-tap-snoopy-cho-tre-em-kao-h-2247-002-ice-4990212026324 2026-08-17T00:00:00.000Z daily https://icheck.vn/san-pham/12-piece-set-dozen-red-sakura-solid-paint-markers-twist-up-auto-art-car-dealer-10084511307619 2026-08-17T00:00:00.000Z daily https://icheck.vn/san-pham/almay-lip-vibes-be-strong-lipstick-cream-270-14-oz-mb1-3-0309978337188 2026-08-17T00:00:00.000Z daily https://icheck.vn/san-pham/bvlgari-voile-de-jasmin-by-bvlgari-edt-spray-3-4-oz-0783320826191 2026-08-17T00:00:00.000Z daily https://icheck.vn/san-pham/body-lotion-the-body-shop-satsuma-250-ml-5028197449391 2026-08-17T00:00:00.000Z daily https://icheck.vn/san-pham/nystatin-and-triamcinolone-acetonide-100mu-0-1-cream-1x30-0351672126322 2026-08-17T00:00:00.000Z daily https://icheck.vn/san-pham/daiwa-prime-surf-t-30-425-w-for-saltwater-new-4960652938204 2026-08-17T00:00:00.000Z daily https://icheck.vn/san-pham/schwarzkopf-8-golden-pure-run-oil-mask-150ml-6920177932420 2026-08-17T00:00:00.000Z daily https://icheck.vn/san-pham/daniel-wellington-unisex-classic-sheffield-36mm-rose-watch-0508dw-0824806015446 2026-08-17T00:00:00.000Z daily https://icheck.vn/san-pham/guess-mens-quartz-stainless-steel-casual-watch-0091661490477 2026-08-17T00:00:00.000Z daily https://icheck.vn/san-pham/dr-martens-1461-shoe-black-smooth-9-uk-10-m-us-prestomall-boots-0883985393592 2026-08-17T00:00:00.000Z daily https://icheck.vn/san-pham/ban-chai-danh-rang-p-s-muoi-tre-tu-nhien-sang-rang-8934839125615 2026-08-17T00:00:00.000Z daily https://icheck.vn/san-pham/kem-duong-trang-a-pieu-dutch-tulip-blemish-cream-8809530060636 2026-08-17T00:00:00.000Z daily https://icheck.vn/san-pham/daiso-japan-fine-water-based-pen-5-pcs-sweet-colors-kawaii-4549892193385 2026-08-17T00:00:00.000Z daily https://icheck.vn/san-pham/8935217020201 2026-08-17T00:00:00.000Z daily https://icheck.vn/san-pham/6924820883305 2026-08-17T00:00:00.000Z daily https://icheck.vn/san-pham/0013200000886 2026-08-17T00:00:00.000Z daily https://icheck.vn/san-pham/0190199264601 2026-08-17T00:00:00.000Z daily https://icheck.vn/san-pham/6944197700487 2026-08-17T00:00:00.000Z daily https://icheck.vn/san-pham/8809199851064 2026-08-17T00:00:00.000Z daily https://icheck.vn/san-pham/6971808580138 2026-08-17T00:00:00.000Z daily https://icheck.vn/san-pham/4719863190907 2026-08-17T00:00:00.000Z daily https://icheck.vn/san-pham/4000934428006 2026-08-17T00:00:00.000Z daily https://icheck.vn/san-pham/6971752340185 2026-08-17T00:00:00.000Z daily https://icheck.vn/san-pham/6930266359816 2026-08-17T00:00:00.000Z daily https://icheck.vn/san-pham/0715676783934 2026-08-17T00:00:00.000Z daily https://icheck.vn/san-pham/6953440502389 2026-08-17T00:00:00.000Z daily https://icheck.vn/san-pham/8809121714030 2026-08-17T00:00:00.000Z daily https://icheck.vn/san-pham/4061622453656 2026-08-17T00:00:00.000Z daily https://icheck.vn/san-pham/0765011051853 2026-08-17T00:00:00.000Z daily https://icheck.vn/san-pham/3253581441671 2026-08-17T00:00:00.000Z daily https://icheck.vn/san-pham/6954496903793 2026-08-17T00:00:00.000Z daily https://icheck.vn/san-pham/4048182124295 2026-08-17T00:00:00.000Z daily https://icheck.vn/san-pham/8858994467284 2026-08-17T00:00:00.000Z daily https://icheck.vn/san-pham/6291106484731 2026-08-17T00:00:00.000Z daily https://icheck.vn/san-pham/0190665143720 2026-08-17T00:00:00.000Z daily https://icheck.vn/san-pham/0039374501448 2026-08-17T00:00:00.000Z daily https://icheck.vn/san-pham/8935001814276 2026-08-17T00:00:00.000Z daily https://icheck.vn/san-pham/8055274411078 2026-08-17T00:00:00.000Z daily https://icheck.vn/san-pham/0191906039598 2026-08-17T00:00:00.000Z daily https://icheck.vn/san-pham/0702669931519 2026-08-17T00:00:00.000Z daily https://icheck.vn/san-pham/4630027090485 2026-08-17T00:00:00.000Z daily https://icheck.vn/san-pham/4045197381965 2026-08-17T00:00:00.000Z daily https://icheck.vn/san-pham/8936038379011 2026-08-17T00:00:00.000Z daily https://icheck.vn/san-pham/8934974152583 2026-08-17T00:00:00.000Z daily https://icheck.vn/san-pham/8935136861596 2026-08-17T00:00:00.000Z daily https://icheck.vn/san-pham/0025952000052 2026-08-17T00:00:00.000Z daily https://icheck.vn/san-pham/8934698610390 2026-08-17T00:00:00.000Z daily https://icheck.vn/san-pham/9555449809987 2026-08-17T00:00:00.000Z daily https://icheck.vn/san-pham/8809579910008 2026-08-17T00:00:00.000Z daily https://icheck.vn/san-pham/9557108869271 2026-08-17T00:00:00.000Z daily https://icheck.vn/san-pham/8852099213128 2026-08-17T00:00:00.000Z daily https://icheck.vn/san-pham/8809195818634 2026-08-17T00:00:00.000Z daily https://icheck.vn/san-pham/4903111466283 2026-08-17T00:00:00.000Z daily https://icheck.vn/san-pham/0041629708007 2026-08-17T00:00:00.000Z daily https://icheck.vn/san-pham/4987475117326 2026-08-17T00:00:00.000Z daily https://icheck.vn/san-pham/8005163959006 2026-08-17T00:00:00.000Z daily https://icheck.vn/san-pham/6941577610954 2026-08-17T00:00:00.000Z daily https://icheck.vn/san-pham/3265470018406 2026-08-17T00:00:00.000Z daily https://icheck.vn/san-pham/3616170173887 2026-08-17T00:00:00.000Z daily https://icheck.vn/san-pham/6936436916308 2026-08-17T00:00:00.000Z daily https://icheck.vn/san-pham/secret-active-clear-gel-antiperspirant-and-deodorant-cool-sc-0037000757597 2026-08-17T00:00:00.000Z daily https://icheck.vn/san-pham/nature-s-sunshine-sage-400mg-100-capsules-0099904170070 2026-08-17T00:00:00.000Z daily https://icheck.vn/san-pham/kubik-100-trai-cay-banan-apple-100g-8594057637873 2026-08-17T00:00:00.000Z daily https://icheck.vn/san-pham/0686487512191 2026-08-17T00:00:00.000Z daily https://icheck.vn/san-pham/eco-styler-moroccan-argan-oil-styling-gel-473-ml-medium-0748378003154 2026-08-17T00:00:00.000Z daily https://icheck.vn/san-pham/dau-goi-sunsilk-aloe-vera-mint-chai-450ml-8851932398763 2026-08-17T00:00:00.000Z daily https://icheck.vn/san-pham/men-s-visetos-original-flap-bi-fold-wallet-in-black-7630015160128 2026-08-17T00:00:00.000Z daily https://icheck.vn/san-pham/tinh-chat-trang-duoc-lieu-orilly-n-38g-4951039002540 2026-08-17T00:00:00.000Z daily https://icheck.vn/san-pham/oribe-lip-lust-creme-lipstick-tropic-flame-0811913016206 2026-08-17T00:00:00.000Z daily https://icheck.vn/san-pham/venus-spa-hand-nail-cream-pure-blue-60g-4530107951678 2026-08-17T00:00:00.000Z daily https://icheck.vn/san-pham/cristiano-ronaldo-cr7-152g-body-spray-5060524510411 2026-08-17T00:00:00.000Z daily https://icheck.vn/san-pham/abercrombie-fitch-first-instinct-extreme-edp-spray-50ml-0085715167545 2026-08-17T00:00:00.000Z daily https://icheck.vn/san-pham/premier-nutrition-high-protein-shake-vanilla-11-fl-oz-12-ct-0643843713944 2026-08-17T00:00:00.000Z daily https://icheck.vn/san-pham/ziajasopot-sunsunbathing-accelerant-tyrozin-cocoa-butter-50ml-5901887005933 2026-08-17T00:00:00.000Z daily https://icheck.vn/san-pham/yankee-candle-clean-cotton-concentrated-room-spray-0609032592875 2026-08-17T00:00:00.000Z daily https://icheck.vn/san-pham/ugg-australia-classic-short-winter-boots-black-7-5-us-38-5-eu-0190108806519 2026-08-17T00:00:00.000Z daily https://icheck.vn/san-pham/thanh-nang-luong-crunchnut-cua-kellogg-120g-8852756035612 2026-08-17T00:00:00.000Z daily https://icheck.vn/san-pham/8936137480328 2026-08-17T00:00:00.000Z daily https://icheck.vn/san-pham/7799021335866 2026-08-17T00:00:00.000Z daily https://icheck.vn/san-pham/0048200005180 2026-08-17T00:00:00.000Z daily https://icheck.vn/san-pham/0052708000080 2026-08-17T00:00:00.000Z daily https://icheck.vn/san-pham/8934980076569 2026-08-17T00:00:00.000Z daily https://icheck.vn/san-pham/8934572295415 2026-08-17T00:00:00.000Z daily https://icheck.vn/san-pham/0846261000119 2026-08-17T00:00:00.000Z daily https://icheck.vn/san-pham/0876742002097 2026-08-17T00:00:00.000Z daily https://icheck.vn/san-pham/8852263087258 2026-08-17T00:00:00.000Z daily https://icheck.vn/san-pham/8886454337969 2026-08-17T00:00:00.000Z daily https://icheck.vn/san-pham/6923298578973 2026-08-17T00:00:00.000Z daily https://icheck.vn/san-pham/8934988070361 2026-08-17T00:00:00.000Z daily https://icheck.vn/san-pham/9000115077011 2026-08-17T00:00:00.000Z daily https://icheck.vn/san-pham/4084500585980 2026-08-17T00:00:00.000Z daily https://icheck.vn/san-pham/0703200155401 2026-08-17T00:00:00.000Z daily https://icheck.vn/san-pham/6931957205184 2026-08-17T00:00:00.000Z daily https://icheck.vn/san-pham/6940671123001 2026-08-17T00:00:00.000Z daily https://icheck.vn/san-pham/6928441730925 2026-08-17T00:00:00.000Z daily https://icheck.vn/san-pham/0024441222111 2026-08-17T00:00:00.000Z daily https://icheck.vn/san-pham/6926890558800 2026-08-17T00:00:00.000Z daily https://icheck.vn/san-pham/0087703010611 2026-08-17T00:00:00.000Z daily https://icheck.vn/san-pham/bo-chong-lao-hoa-6-mon-ohui-age-recovery-139ml-8801051979435 2026-08-17T00:00:00.000Z daily https://icheck.vn/san-pham/sua-tuoi-organic-daioni-tach-kem-1l-anh-5060278790886 2026-08-17T00:00:00.000Z daily https://icheck.vn/san-pham/tissot-everytime-silver-dial-mens-watch-t109-610-36-031-00-7611608277737 2026-08-17T00:00:00.000Z daily https://icheck.vn/san-pham/son-bong-ngoai-that-cao-ca-p-shuper-shine-lon-5l-8936160530151 2026-08-17T00:00:00.000Z daily https://icheck.vn/san-pham/sunstar-aura-2-breath-fine-mouthwash-clear-mint-80-ml-4901616009004 2026-08-17T00:00:00.000Z daily https://icheck.vn/san-pham/parachute-sampoorna-coconut-hair-oil-150ml-8901088200318 2026-08-17T00:00:00.000Z daily https://icheck.vn/san-pham/san-pham-dinh-duong-cong-thuc-dr-luxia-iq2-lon-400g-8935273500099 2026-08-17T00:00:00.000Z daily https://icheck.vn/san-pham/pressman-toys-charades-for-kids-peggable-game-3-player-0021853030105 2026-08-17T00:00:00.000Z daily https://icheck.vn/san-pham/ball-pen-children-0-7-needle-mermaid-m-183920-coconut-blue-display-assorted-4-types-6971001761518 2026-08-17T00:00:00.000Z daily https://icheck.vn/san-pham/nuoc-giat-power-cua-dung-huong-sakura-can-5kg-8936076801178 2026-08-17T00:00:00.000Z daily https://icheck.vn/san-pham/giorgio-armani-attitude-edt-75ml-vp-gel-50-balm-50-3605520852206 2026-08-17T00:00:00.000Z daily https://icheck.vn/san-pham/mat-na-lam-trang-da-banobagi-white-jade-tiem-mat-na-30g-8809486360620 2026-08-17T00:00:00.000Z daily https://icheck.vn/san-pham/citizen-blue-silver-mesh-watch-an3610-80l-mesh-stainless-steel-3-hands-4974374286796 2026-08-17T00:00:00.000Z daily https://icheck.vn/san-pham/flosser-85422-d2s-4200-k-hid-xenon-head-light-bulb-made-in-germany-4018354007305 2026-08-17T00:00:00.000Z daily https://icheck.vn/san-pham/prada-women-s-gradient-pr12qs-roz0a6-54-brown-aviator-sunglasse-8053672160819 2026-08-17T00:00:00.000Z daily https://icheck.vn/san-pham/purchased-nillkin-defender-ii-strong-pc-tpu-combo-back-case-cover-for-samsung-galaxy-note-8-6902048145580 2026-08-17T00:00:00.000Z daily https://icheck.vn/san-pham/son-tint-hai-dau-2-trong-1-the-saem-two-texture-tint-8806164157473 2026-08-17T00:00:00.000Z daily https://icheck.vn/san-pham/lip-saver-tint-mousse-the-saem-saemmul-mousse-candy-tint-13-raspberry-8-g-https-eva-cosmetics-com-ua-p942182234-tint-muss-dlya-html-8806164154724 2026-08-17T00:00:00.000Z daily https://icheck.vn/san-pham/manhattan-cosmetics-endless-stay-waterproof-gel-eyeliner-starlit-3614223175130 2026-08-17T00:00:00.000Z daily https://icheck.vn/san-pham/kranicell-uk-vita-c-whitening-serum-30ml-8809083970444 2026-08-17T00:00:00.000Z daily https://icheck.vn/san-pham/adidas-x-19-3-sg-f35723-4061622694509 2026-08-17T00:00:00.000Z daily https://icheck.vn/san-pham/brand-j-ovial-women-s-perfume-3-4-oz-0853793006540 2026-08-17T00:00:00.000Z daily https://icheck.vn/san-pham/884392604608-upc-cosco-umbrella-stroller-monster-shelley-0884392604608 2026-08-17T00:00:00.000Z daily https://icheck.vn/san-pham/wella-professional-illumina-mau-1-bong-80g-8005610421506 2026-08-17T00:00:00.000Z daily https://icheck.vn/san-pham/tui-nuoc-giat-xa-lily-asia-2-7kg-8938515960309 2026-08-17T00:00:00.000Z daily https://icheck.vn/san-pham/trai-oliu-den-nguyen-hat-karina-350g-8411968130203 2026-08-17T00:00:00.000Z daily https://icheck.vn/san-pham/jbl-tune-120-in-ear-headphones-bluetooth-1075101-black-headset-touch-control-6925281955709 2026-08-17T00:00:00.000Z daily https://icheck.vn/san-pham/mothercare-komplekt-2-tk-indigo-ta076-62-5021463281404 2026-08-17T00:00:00.000Z daily https://icheck.vn/san-pham/fruit-of-the-loom-beyond-soft-men-s-navy-waffle-robe-size-2x-3x-0744275970346 2026-08-17T00:00:00.000Z daily https://icheck.vn/san-pham/son-lot-chong-muoi-100-sieu-cao-cap-ngoai-that-fp59-8938510916233 2026-08-17T00:00:00.000Z daily https://icheck.vn/san-pham/claire-s-korea-guerisson-24k-gold-engergy-ampoule-8809294556703 2026-08-17T00:00:00.000Z daily https://icheck.vn/san-pham/moleskine-myrtle-green-large-plain-cahier-journal-set-of-3-8055002855297 2026-08-17T00:00:00.000Z daily https://icheck.vn/san-pham/thuc-pham-bao-ve-suc-khoe-vien-trai-nhau-8938523487027 2026-08-17T00:00:00.000Z daily https://icheck.vn/san-pham/son-li-dr-althea-waking-dreamer-no-01-london-rose-8809447251264 2026-08-17T00:00:00.000Z daily https://icheck.vn/san-pham/banh-quy-tron-vung-cua-taiping-100g-6901668200082 2026-08-17T00:00:00.000Z daily https://icheck.vn/san-pham/phan-nuoc-innisfree-no-sebum-correcting-cushion-no-02-8809516790991 2026-08-17T00:00:00.000Z daily https://icheck.vn/san-pham/bobini-little-princess-2in1-bath-body-wash-660-ml-5900931022773 2026-08-17T00:00:00.000Z daily https://icheck.vn/san-pham/cole-haan-womens-vesta-skimmer-black-leather-pumps-0682942036165 2026-08-17T00:00:00.000Z daily https://icheck.vn/san-pham/vix-thuoc-tha-khong-duong-yuzu-25-5-x-5-que-4987306017849 2026-08-17T00:00:00.000Z daily https://icheck.vn/san-pham/anselmo-mendes-alvarinho-contacto-colheita-2015-5606486180028 2026-08-17T00:00:00.000Z daily https://icheck.vn/san-pham/peeled-edamame-4904680971123 2026-08-17T00:00:00.000Z daily https://icheck.vn/san-pham/0023802420579 2026-08-17T00:00:00.000Z daily https://icheck.vn/san-pham/6902014690830 2026-08-17T00:00:00.000Z daily https://icheck.vn/san-pham/8809448634196 2026-08-17T00:00:00.000Z daily https://icheck.vn/san-pham/0885259976739 2026-08-17T00:00:00.000Z daily https://icheck.vn/san-pham/8936170700414 2026-08-17T00:00:00.000Z daily https://icheck.vn/san-pham/8938504716086 2026-08-17T00:00:00.000Z daily https://icheck.vn/san-pham/8858879416338 2026-08-17T00:00:00.000Z daily https://icheck.vn/san-pham/0717897079193 2026-08-17T00:00:00.000Z daily https://icheck.vn/san-pham/4891228306397 2026-08-17T00:00:00.000Z daily https://icheck.vn/san-pham/8935267416023 2026-08-17T00:00:00.000Z daily https://icheck.vn/san-pham/0734675012654 2026-08-17T00:00:00.000Z daily https://icheck.vn/san-pham/8888075013680 2026-08-17T00:00:00.000Z daily https://icheck.vn/san-pham/6926890558855 2026-08-17T00:00:00.000Z daily https://icheck.vn/san-pham/6930521469090 2026-08-17T00:00:00.000Z daily https://icheck.vn/san-pham/0048107130930 2026-08-17T00:00:00.000Z daily https://icheck.vn/san-pham/0091209799123 2026-08-17T00:00:00.000Z daily https://icheck.vn/san-pham/8809297950010 2026-08-17T00:00:00.000Z daily https://icheck.vn/san-pham/8935258660602 2026-08-17T00:00:00.000Z daily https://icheck.vn/san-pham/8803733149099 2026-08-17T00:00:00.000Z daily https://icheck.vn/san-pham/6901575450235 2026-08-17T00:00:00.000Z daily https://icheck.vn/san-pham/6925650566086 2026-08-17T00:00:00.000Z daily https://icheck.vn/san-pham/6924560641357 2026-08-17T00:00:00.000Z daily https://icheck.vn/san-pham/6921734950994 2026-08-17T00:00:00.000Z daily https://icheck.vn/san-pham/8886480512255 2026-08-17T00:00:00.000Z daily https://icheck.vn/san-pham/4059322992339 2026-08-17T00:00:00.000Z daily https://icheck.vn/san-pham/6931034138732 2026-08-17T00:00:00.000Z daily https://icheck.vn/san-pham/0083100005076 2026-08-17T00:00:00.000Z daily https://icheck.vn/san-pham/8809474571373 2026-08-17T00:00:00.000Z daily https://icheck.vn/san-pham/0091201703289 2026-08-17T00:00:00.000Z daily https://icheck.vn/san-pham/8801844180543 2026-08-17T00:00:00.000Z daily https://icheck.vn/san-pham/4978323111498 2026-08-17T00:00:00.000Z daily https://icheck.vn/san-pham/8809515709161 2026-08-17T00:00:00.000Z daily https://icheck.vn/san-pham/6931904292199 2026-08-17T00:00:00.000Z daily https://icheck.vn/san-pham/6930150191546 2026-08-17T00:00:00.000Z daily https://icheck.vn/san-pham/4061624324510 2026-08-17T00:00:00.000Z daily https://icheck.vn/san-pham/6954496906756 2026-08-17T00:00:00.000Z daily https://icheck.vn/san-pham/6923044787109 2026-08-17T00:00:00.000Z daily https://icheck.vn/san-pham/8809446331837 2026-08-17T00:00:00.000Z daily https://icheck.vn/san-pham/8034146455730 2026-08-17T00:00:00.000Z daily https://icheck.vn/san-pham/6933185701797 2026-08-17T00:00:00.000Z daily https://icheck.vn/san-pham/6930446819642 2026-08-17T00:00:00.000Z daily https://icheck.vn/san-pham/6935940810904 2026-08-17T00:00:00.000Z daily https://icheck.vn/san-pham/8936037490014 2026-08-17T00:00:00.000Z daily https://icheck.vn/san-pham/4810153007582 2026-08-17T00:00:00.000Z daily https://icheck.vn/san-pham/6903072302772 2026-08-17T00:00:00.000Z daily https://icheck.vn/san-pham/0650198026339 2026-08-17T00:00:00.000Z daily https://icheck.vn/san-pham/4061616348111 2026-08-17T00:00:00.000Z daily https://icheck.vn/san-pham/6970618528842 2026-08-17T00:00:00.000Z daily https://icheck.vn/san-pham/8936090726983 2026-08-17T00:00:00.000Z daily https://icheck.vn/san-pham/8938521487449 2026-08-17T00:00:00.000Z daily https://icheck.vn/san-pham/6932108010367 2026-08-17T00:00:00.000Z daily https://icheck.vn/san-pham/6955416213244 2026-08-17T00:00:00.000Z daily https://icheck.vn/san-pham/0888410175873 2026-08-17T00:00:00.000Z daily https://icheck.vn/san-pham/0071662009755 2026-08-17T00:00:00.000Z daily https://icheck.vn/san-pham/0381371183166 2026-08-17T00:00:00.000Z daily https://icheck.vn/san-pham/0883314634549 2026-08-17T00:00:00.000Z daily https://icheck.vn/san-pham/4060511960060 2026-08-17T00:00:00.000Z daily https://icheck.vn/san-pham/8936079381592 2026-08-17T00:00:00.000Z daily https://icheck.vn/san-pham/6932637015086 2026-08-17T00:00:00.000Z daily https://icheck.vn/san-pham/8935235218222 2026-08-17T00:00:00.000Z daily https://icheck.vn/san-pham/6905605322936 2026-08-17T00:00:00.000Z daily https://icheck.vn/san-pham/6921042107585 2026-08-17T00:00:00.000Z daily https://icheck.vn/san-pham/3661075200817 2026-08-17T00:00:00.000Z daily https://icheck.vn/san-pham/8809423910895 2026-08-17T00:00:00.000Z daily https://icheck.vn/san-pham/8851934814827 2026-08-17T00:00:00.000Z daily https://icheck.vn/san-pham/0073077068594 2026-08-17T00:00:00.000Z daily https://icheck.vn/san-pham/8934634067363 2026-08-17T00:00:00.000Z daily https://icheck.vn/san-pham/6930011896221 2026-08-17T00:00:00.000Z daily https://icheck.vn/san-pham/6949183829494 2026-08-17T00:00:00.000Z daily https://icheck.vn/san-pham/8936092567027 2026-08-17T00:00:00.000Z daily https://icheck.vn/san-pham/0715387001280 2026-08-17T00:00:00.000Z daily https://icheck.vn/san-pham/8034077350265 2026-08-17T00:00:00.000Z daily https://icheck.vn/san-pham/6902360059268 2026-08-17T00:00:00.000Z daily https://icheck.vn/san-pham/8809599370127 2026-08-17T00:00:00.000Z daily https://icheck.vn/san-pham/4260460828408 2026-08-17T00:00:00.000Z daily https://icheck.vn/san-pham/6914358306797 2026-08-17T00:00:00.000Z daily https://icheck.vn/san-pham/0193154360752 2026-08-17T00:00:00.000Z daily https://icheck.vn/san-pham/6925834080124 2026-08-17T00:00:00.000Z daily https://icheck.vn/san-pham/8936082351012 2026-08-17T00:00:00.000Z daily https://icheck.vn/san-pham/8809451851436 2026-08-17T00:00:00.000Z daily https://icheck.vn/san-pham/89361038305151 2026-08-17T00:00:00.000Z daily https://icheck.vn/san-pham/but-gel-gp02-an-nap-xanh-8936092566693 2026-08-17T00:00:00.000Z daily https://icheck.vn/san-pham/tefal-expertise-non-stick-saucepan-16cm-3168430224759 2026-08-17T00:00:00.000Z daily https://icheck.vn/san-pham/son-noi-that-min-cao-cap-high-interior-thung-18l-8936160530038 2026-08-17T00:00:00.000Z daily https://icheck.vn/san-pham/nuoc-lau-da-nang-tinh-dau-que-500ml-8938524093470 2026-08-17T00:00:00.000Z daily https://icheck.vn/san-pham/natures-aid-children-s-vitamin-d3-drops-5023652319950 2026-08-17T00:00:00.000Z daily https://icheck.vn/san-pham/le-petit-marseillais-shampoo-6-bottles-your-3251241047966 2026-08-17T00:00:00.000Z daily https://icheck.vn/san-pham/liangpinpu-spicy-small-fish-120g-6932588566842 2026-08-17T00:00:00.000Z daily https://icheck.vn/san-pham/beli-collagen-live-yeast-1000ml-8809121716232 2026-08-17T00:00:00.000Z daily https://icheck.vn/san-pham/levis-batwing-t-shirt-guaranteed-authentic-tees-s-0052176652743 2026-08-17T00:00:00.000Z daily https://icheck.vn/san-pham/cap-sac-lightning-rockspace-day-du-m4-mfi-1m-6950290606731 2026-08-17T00:00:00.000Z daily https://icheck.vn/san-pham/panadol-advance-tablets-16s-half-price-perfumes-5000347029462 2026-08-17T00:00:00.000Z daily https://icheck.vn/san-pham/but-bi-soft-ball-xanh-8801067383806 2026-08-17T00:00:00.000Z daily https://icheck.vn/san-pham/keo-socola-2-den-giao-thong-8809239220560 2026-08-17T00:00:00.000Z daily https://icheck.vn/san-pham/thermal-relay-nr2-93-80-93a-chint-6940092417284 2026-08-17T00:00:00.000Z daily https://icheck.vn/san-pham/adidas-solar-boost-women-4060509363057 2026-08-17T00:00:00.000Z daily https://icheck.vn/san-pham/adidas-boys-trainer-pants-size-18-0190444558806 2026-08-17T00:00:00.000Z daily https://icheck.vn/san-pham/cap-energizer-ht-type-c3-0-micro-1-2m-mau-den-3492548206674 2026-08-17T00:00:00.000Z daily https://icheck.vn/san-pham/power-sonic-12v-33amp-sla-battery-0813340011243 2026-08-17T00:00:00.000Z daily https://icheck.vn/san-pham/folgers-coffee-classic-medium-roast-51-ounce-0025500887524 2026-08-17T00:00:00.000Z daily https://icheck.vn/san-pham/viet-danh-dau-mildliner-wkt7-mor-4901681401796 2026-08-17T00:00:00.000Z daily https://icheck.vn/san-pham/100-count-powder-free-latex-gloves-0760695017416 2026-08-17T00:00:00.000Z daily https://icheck.vn/san-pham/biogaia-vien-nhai-semper-30-chiec-7310100945242 2026-08-17T00:00:00.000Z daily https://icheck.vn/san-pham/philippines-imported-creative-little-yellow-duck-fluorescent-4806526072318 2026-08-17T00:00:00.000Z daily https://icheck.vn/san-pham/shanghai-merlin-340g-hot-pot-6902131111676 2026-08-17T00:00:00.000Z daily https://icheck.vn/san-pham/kem-u-toc-buoi-milaganics-250g-8936089075184 2026-08-17T00:00:00.000Z daily https://icheck.vn/san-pham/airheads-bites-fruit-flavor-3-pack-0073390014476 2026-08-17T00:00:00.000Z daily https://icheck.vn/san-pham/erk-ltungs-balsam-n-75-ml-4010355538093 2026-08-17T00:00:00.000Z daily https://icheck.vn/san-pham/natural-pets-skin-coat-supplement-tablet-9557837002468 2026-08-17T00:00:00.000Z daily https://icheck.vn/san-pham/jbl-charge3red-charge-3-waterproof-portable-bluetooth-speaker-6925281914157 2026-08-17T00:00:00.000Z daily https://icheck.vn/san-pham/kds-flat-rule-f10-02-10mm-in-width-2m-4954183100179 2026-08-17T00:00:00.000Z daily https://icheck.vn/san-pham/building-spelling-skills-gr-6-0023472027108 2026-08-17T00:00:00.000Z daily https://icheck.vn/san-pham/contacto-edelstahl-zigarrenschneider-4003625717007 2026-08-17T00:00:00.000Z daily https://icheck.vn/san-pham/4540474123066 2026-08-17T00:00:00.000Z daily https://icheck.vn/san-pham/4979006081534 2026-08-17T00:00:00.000Z daily https://icheck.vn/san-pham/8809136711123 2026-08-17T00:00:00.000Z daily https://icheck.vn/san-pham/6956837979528 2026-08-17T00:00:00.000Z daily https://icheck.vn/san-pham/4929152033420 2026-08-17T00:00:00.000Z daily https://icheck.vn/san-pham/3500611086846 2026-08-17T00:00:00.000Z daily https://icheck.vn/san-pham/0026217306087 2026-08-17T00:00:00.000Z daily https://icheck.vn/san-pham/8859202002303 2026-08-17T00:00:00.000Z daily https://icheck.vn/san-pham/893486813995 2026-08-17T00:00:00.000Z daily https://icheck.vn/san-pham/8936092566822 2026-08-17T00:00:00.000Z daily https://icheck.vn/san-pham/4017100161445 2026-08-17T00:00:00.000Z daily https://icheck.vn/san-pham/0040129500876 2026-08-17T00:00:00.000Z daily https://icheck.vn/san-pham/6907858402656 2026-08-17T00:00:00.000Z daily https://icheck.vn/san-pham/9341103304468 2026-08-17T00:00:00.000Z daily https://icheck.vn/san-pham/4510579011308 2026-08-17T00:00:00.000Z daily https://icheck.vn/san-pham/4961914715557 2026-08-17T00:00:00.000Z daily https://icheck.vn/san-pham/0846733019250 2026-08-17T00:00:00.000Z daily https://icheck.vn/san-pham/4604094026449 2026-08-17T00:00:00.000Z daily https://icheck.vn/san-pham/8935049570851 2026-08-17T00:00:00.000Z daily https://icheck.vn/san-pham/893460910491 2026-08-17T00:00:00.000Z daily https://icheck.vn/san-pham/3603603565043 2026-08-17T00:00:00.000Z daily https://icheck.vn/san-pham/6956744500686 2026-08-17T00:00:00.000Z daily https://icheck.vn/san-pham/9341105591576 2026-08-17T00:00:00.000Z daily https://icheck.vn/san-pham/8809446333435 2026-08-17T00:00:00.000Z daily https://icheck.vn/san-pham/0026217490878 2026-08-17T00:00:00.000Z daily https://icheck.vn/san-pham/sip-boxer-ma-02-mau-xanh-co-vit-size-xxl-8935302700315 2026-08-17T00:00:00.000Z daily https://icheck.vn/san-pham/6922609516239 2026-08-17T00:00:00.000Z daily https://icheck.vn/san-pham/mat-na-ngua-nam-aging-skin-mask-red-pine-8938509802165 2026-08-17T00:00:00.000Z daily https://icheck.vn/san-pham/8809479009918 2026-08-17T00:00:00.000Z daily https://icheck.vn/san-pham/0605876290380 2026-08-17T00:00:00.000Z daily https://icheck.vn/san-pham/tronsmart-encore-spunky-buds-wireless-headset-6970232012741 2026-08-17T00:00:00.000Z daily https://icheck.vn/san-pham/chiet-xuat-vi-khuan-natto-seiyaku-ex-natto-nsk-d-nattokinase-bot-giam-den-moromi-113-1g-377mg-300-4571381190476 2026-08-17T00:00:00.000Z daily https://icheck.vn/san-pham/but-mau-nuoc-6937168872634 2026-08-17T00:00:00.000Z daily https://icheck.vn/san-pham/dermisa-anti-wrinkle-cream-with-alpha-hydroxy-acids-q10-1-5-oz-9-pack-0766989000072 2026-08-17T00:00:00.000Z daily https://icheck.vn/san-pham/4562176793224 2026-08-17T00:00:00.000Z daily https://icheck.vn/san-pham/3605971264887 2026-08-17T00:00:00.000Z daily https://icheck.vn/san-pham/4660010700268 2026-08-17T00:00:00.000Z daily https://icheck.vn/san-pham/zhenqing-food-hall-wuhu-aloe-crystal-condensed-hose-120g-4711021240059 2026-08-17T00:00:00.000Z daily https://icheck.vn/san-pham/aerius-8850285001207 2026-08-17T00:00:00.000Z daily https://icheck.vn/san-pham/8801643648763 2026-08-17T00:00:00.000Z daily https://icheck.vn/san-pham/8809080884232 2026-08-17T00:00:00.000Z daily https://icheck.vn/san-pham/4610030220109 2026-08-17T00:00:00.000Z daily https://icheck.vn/san-pham/loreal-paris-skincare-age-hydra-nutrition-oils-honey-balm-mouisturizer-0071249363096 2026-08-17T00:00:00.000Z daily https://icheck.vn/san-pham/phuc-hoi-cau-truc-da-8938525074034 2026-08-17T00:00:00.000Z daily https://icheck.vn/san-pham/tea-tree-essential-oil-6922655731495 2026-08-17T00:00:00.000Z daily https://icheck.vn/san-pham/ziaja-acai-berry-face-toner-with-hyaluronic-acid-spray-200ml-5901887042259 2026-08-17T00:00:00.000Z daily https://icheck.vn/san-pham/marc-jacobs-snapshot-dtm-metallic-camera-bag-crossbody-yellow-gold-0191267653518 2026-08-17T00:00:00.000Z daily https://icheck.vn/san-pham/4901301355355 2026-08-17T00:00:00.000Z daily https://icheck.vn/san-pham/8718963049678 2026-08-17T00:00:00.000Z daily https://icheck.vn/san-pham/6932757161557 2026-08-17T00:00:00.000Z daily https://icheck.vn/san-pham/6942059605871 2026-08-17T00:00:00.000Z daily https://icheck.vn/san-pham/teczka-deli-ofertowa-38148-60-kosz-6935205381484 2026-08-17T00:00:00.000Z daily https://icheck.vn/san-pham/4260362164239 2026-08-17T00:00:00.000Z daily https://icheck.vn/san-pham/citizen-collection-ny4050-03l-mechanical-8200-mens-watch-4974375471368 2026-08-17T00:00:00.000Z daily https://icheck.vn/san-pham/4936516121969 2026-08-17T00:00:00.000Z daily https://icheck.vn/san-pham/4711914442881 2026-08-17T00:00:00.000Z daily https://icheck.vn/san-pham/0050428585443 2026-08-17T00:00:00.000Z daily https://icheck.vn/san-pham/6934917078514 2026-08-17T00:00:00.000Z daily https://icheck.vn/san-pham/a931857003 2026-08-17T00:00:00.000Z daily https://icheck.vn/san-pham/9340048481487 2026-08-17T00:00:00.000Z daily https://icheck.vn/san-pham/4897074803615 2026-08-17T00:00:00.000Z daily https://icheck.vn/san-pham/buty-biegowe-adidas-cosmic-2-m-b44882-4059812425460 2026-08-17T00:00:00.000Z daily https://icheck.vn/san-pham/8936107020332 2026-08-17T00:00:00.000Z daily https://icheck.vn/san-pham/6959532400045 2026-08-17T00:00:00.000Z daily https://icheck.vn/san-pham/4510579004317 2026-08-17T00:00:00.000Z daily https://icheck.vn/san-pham/0609792352375 2026-08-17T00:00:00.000Z daily https://icheck.vn/san-pham/w7-strobe-and-go-strobing-stick-5060406149463 2026-08-17T00:00:00.000Z daily https://icheck.vn/san-pham/cafe-lyophilise-extra-filtre-u-100-g-3256220321495 2026-08-17T00:00:00.000Z daily https://icheck.vn/san-pham/4027093474545 2026-08-17T00:00:00.000Z daily https://icheck.vn/san-pham/eloge-serum-nam-sam-tan-nhang-20ml-8938525971388 2026-08-17T00:00:00.000Z daily https://icheck.vn/san-pham/jbl-jblcharge3redam-charge-3-waterproof-portable-bluetooth-speaker-red-0050036330466 2026-08-17T00:00:00.000Z daily https://icheck.vn/san-pham/new-police-to-be-tattoo-art-for-men-125ml-eau-de-toilette-spray-men-s-fragrance-0679602160117 2026-08-17T00:00:00.000Z daily https://icheck.vn/san-pham/laserliner-082-028a-climacheck-digital-humidity-temperature-4021563687855 2026-08-17T00:00:00.000Z daily https://icheck.vn/san-pham/8936101292292 2026-08-17T00:00:00.000Z daily https://icheck.vn/san-pham/yeezy-boost-350-v2-static-reflective-4061624139473 2026-08-17T00:00:00.000Z daily https://icheck.vn/san-pham/0633731925337 2026-08-17T00:00:00.000Z daily https://icheck.vn/san-pham/6956668880017 2026-08-17T00:00:00.000Z daily https://icheck.vn/san-pham/come-mano-thun-nuova-negozio-a-borsa-da-f7yvgyb6-8033971163315 2026-08-17T00:00:00.000Z daily https://icheck.vn/san-pham/gunze-new-sabrina-tough-white-ml-mau-be-tu-nhien-4547531020382 2026-08-17T00:00:00.000Z daily https://icheck.vn/san-pham/korea-cosmetics-iope-golden-glow-face-oil-1-35oz-40ml-8809539445908 2026-08-17T00:00:00.000Z daily https://icheck.vn/san-pham/books-kinokuniya-hg1-144-uc-199-rx-o-full-armor-unicorn-4549660075813 2026-08-17T00:00:00.000Z daily https://icheck.vn/san-pham/stiefel-physiogel-cream-hypoallergenic-150ml-x-2-protect-restore-healthy-skin-8806105402570 2026-08-17T00:00:00.000Z daily https://icheck.vn/san-pham/isa-knox-crystal-hyaluronic-watering-capsule-serum-cream-special-gift-set-korea-8801051341966 2026-08-17T00:00:00.000Z daily https://icheck.vn/san-pham/banh-quy-nhan-mut-jam-sanwich-biscuit-all-upin-goi-230gr-4897069770823 2026-08-17T00:00:00.000Z daily https://icheck.vn/san-pham/new-orient-contemporary-semi-skeleton-mechanical-watch-rn-ar0002l-from-japan-4906006275502 2026-08-17T00:00:00.000Z daily https://icheck.vn/san-pham/joc-style-mousse-volumizzante-tenuta-media-con-pantenolo-8006554002424 2026-08-17T00:00:00.000Z daily https://icheck.vn/san-pham/that-lung-nam-da-bo-khoa-kim-35mm-8936188180048 2026-08-17T00:00:00.000Z daily https://icheck.vn/san-pham/sua-tam-lux-sang-va-mat-lanh-720ml-6902088311006 2026-08-17T00:00:00.000Z daily https://icheck.vn/san-pham/dariya-palty-hair-arrange-bleach-4904651183845 2026-08-17T00:00:00.000Z daily https://icheck.vn/san-pham/dove-handcream-75ml-cocos-almond-75ml-8710447275290 2026-08-17T00:00:00.000Z daily https://icheck.vn/san-pham/adidas-originals-campus-tennarit-4059807008128 2026-08-17T00:00:00.000Z daily https://icheck.vn/san-pham/nyx-strobe-of-genius-palette-stgp01-0800897018184 2026-08-17T00:00:00.000Z daily https://icheck.vn/san-pham/kem-duong-da-balea-gluckshauch-co-mui-thom-cua-cam-va-mat-ong-4010355346414 2026-08-17T00:00:00.000Z daily https://icheck.vn/san-pham/snyder-s-of-hanover-jalapeno-flavored-pretzel-pieces-12-oz-bag-0077975088234 2026-08-17T00:00:00.000Z daily https://icheck.vn/san-pham/adidas-originals-sneaker-low-4060514006215 2026-08-17T00:00:00.000Z daily https://icheck.vn/san-pham/siemens-simatic-s7-6es7231-0hf22-0xa0-4025515075387 2026-08-17T00:00:00.000Z daily https://icheck.vn/san-pham/sua-tam-nuoc-hoa-sang-da-lucky-star-dang-day-12-goi-8938506932643 2026-08-17T00:00:00.000Z daily https://icheck.vn/san-pham/bath-and-body-works-sleep-lavender-cedarwood-6-5-ounces-aromatherapy-lotion-0667544871710 2026-08-17T00:00:00.000Z daily https://icheck.vn/san-pham/mitsubishi-pencil-co-ltd-colored-pencil-880-grade-12-colors-k88-4902778972489 2026-08-17T00:00:00.000Z daily https://icheck.vn/san-pham/fresh-phyto-cream-for-face-clean-line-from-45-years-4600702098587 2026-08-17T00:00:00.000Z daily https://icheck.vn/san-pham/de-vivo-jojoba-oil-blackhead-shrinking-pore-essential-oil-6947145957179 2026-08-17T00:00:00.000Z daily https://icheck.vn/san-pham/missha-discovery-velvet-lip-fluid-mini-set-8809581479852 2026-08-17T00:00:00.000Z daily https://icheck.vn/san-pham/kusovy-koberec-moderni-bronx-541-bily-i-do-obyvaku-160x230-4054293077726 2026-08-17T00:00:00.000Z daily https://icheck.vn/san-pham/uniseks-sneakersy-adidas-nmd-xr1-923-39-1-3-4058025080107 2026-08-17T00:00:00.000Z daily https://icheck.vn/san-pham/nike-sportswear-tech-fleece-crew-mens-805140-091-carbon-grey-0676556981898 2026-08-17T00:00:00.000Z daily https://icheck.vn/san-pham/sportsweater-zwart-4060512097178 2026-08-17T00:00:00.000Z daily https://icheck.vn/san-pham/uriage-brume-d-eau-water-mist-spf30-50ml-easyparapharmacie-3661434005602 2026-08-17T00:00:00.000Z daily https://icheck.vn/san-pham/seiko-5-snkm89k1-mechanical-automatic-mens-watch-4954628176325 2026-08-17T00:00:00.000Z daily https://icheck.vn/san-pham/butter-sour-president-doux-82-1kg-3228020481259 2026-08-17T00:00:00.000Z daily https://icheck.vn/san-pham/parker-classic-stainless-steel-refillable-ball-pen-8901198460664 2026-08-17T00:00:00.000Z daily https://icheck.vn/san-pham/mascarilla-noche-levissime-sleeping-eye-mask-30ml-8435054645792 2026-08-17T00:00:00.000Z daily https://icheck.vn/san-pham/sieu-lot-khang-kiem-noi-that-nano-8938526960206 2026-08-17T00:00:00.000Z daily https://icheck.vn/san-pham/superfood-pulver-gerstengras-125-g-4260159450248 2026-08-17T00:00:00.000Z daily https://icheck.vn/san-pham/mexx-look-up-now-ferfi-eau-de-toilette-30-ml-8005610327686 2026-08-17T00:00:00.000Z daily https://icheck.vn/san-pham/thuoc-nhuom-bot-mau-be-sua-beautylabo-4987205310461 2026-08-17T00:00:00.000Z daily https://icheck.vn/san-pham/life-extension-integra-lean-150mg-60caps-doctor-pharmacy-0737870129264 2026-08-17T00:00:00.000Z daily https://icheck.vn/san-pham/swatch-the-originals-ll122-mentalo-watch-7610522800915 2026-08-17T00:00:00.000Z daily https://icheck.vn/san-pham/details-about-shiseido-integrate-sakura-drop-lip-essence-cc-color-correct-palm-stick-spf16pa-4901872036950 2026-08-17T00:00:00.000Z daily https://icheck.vn/san-pham/very-irresistible-by-givenchy-women-perfume-gift-set-edp-spray-2-5-oz-mini-nib-3274872381742 2026-08-17T00:00:00.000Z daily https://icheck.vn/san-pham/bandai-1-144-hg-build-divers-gundam-shining-break-5055576-4573102555762 2026-08-17T00:00:00.000Z daily https://icheck.vn/san-pham/sephora-all-day-hydrator-hydrate-glow-deluxe-travel-min-0-33-fl-oz-10ml-nib-3378872130666 2026-08-17T00:00:00.000Z daily https://icheck.vn/san-pham/loctite-rtv-silicone-gasket-maker-300mlcartridge-82046-copper-0079340820463 2026-08-17T00:00:00.000Z daily https://icheck.vn/san-pham/canon-imageclass-mf236n-all-in-one-monochrome-laser-printer-black-0013803275124 2026-08-17T00:00:00.000Z daily https://icheck.vn/san-pham/sport-supplements-anti-gray-hair-solution-1500mg-0053722789647 2026-08-17T00:00:00.000Z daily https://icheck.vn/san-pham/cosmia-matifianta-face-cream-50ml-3245678599945 2026-08-17T00:00:00.000Z daily https://icheck.vn/san-pham/kem-duong-da-tay-fasisam-6956345506346 2026-08-17T00:00:00.000Z daily https://icheck.vn/san-pham/mentholatum-lipice-lip-balm-strawberry-3-5g-4897006038993 2026-08-17T00:00:00.000Z daily https://icheck.vn/san-pham/sugar-bowl-with-lid-pearl-14-cm-pasabahce-8693357092174 2026-08-17T00:00:00.000Z daily https://icheck.vn/san-pham/olay-skin-balancing-foaming-face-wash-100g-4902430081245 2026-08-17T00:00:00.000Z daily https://icheck.vn/san-pham/dau-nhot-multipurpose-lithium-grease-natural-nlgi-2-17kg-8885013371260 2026-08-17T00:00:00.000Z daily https://icheck.vn/san-pham/-daedong-healthy-korean-black-red-ginseng-concentrate-for-kids-600ml-8809118596342 2026-08-17T00:00:00.000Z daily https://icheck.vn/san-pham/phan-mat-sivanna-colors-makeup-studio-velvet-eyes-palette-hf592-no-1-8858994481389 2026-08-17T00:00:00.000Z daily https://icheck.vn/san-pham/dao-hop-dongwon-han-quoc-820g-8801047151531 2026-08-17T00:00:00.000Z daily https://icheck.vn/san-pham/vien-vitamin-tong-hop-6944060407291 2026-08-17T00:00:00.000Z daily https://icheck.vn/san-pham/seiko-sup855p1-solar-powered-analog-men-s-watch-4954628228994 2026-08-17T00:00:00.000Z daily https://icheck.vn/san-pham/la-aurora-preferidos-diamond-broadleaf-tubo-7465603162587 2026-08-17T00:00:00.000Z daily https://icheck.vn/san-pham/noir-delice-edp-2-8oz-for-women-3700134409089 2026-08-17T00:00:00.000Z daily https://icheck.vn/san-pham/banh-phong-gao-me-den-vi-hanh-8938525967084 2026-08-17T00:00:00.000Z daily https://icheck.vn/san-pham/muoi-tinh-khiet-chiyoda-500g-4902012318011 2026-08-17T00:00:00.000Z daily https://icheck.vn/san-pham/2-walgreens-sungreen-sport-spf-70-water-resistant-0049022886926 2026-08-17T00:00:00.000Z daily https://icheck.vn/san-pham/but-gel-gp02-an-than-hong-muc-tim-8936092566716 2026-08-17T00:00:00.000Z daily https://icheck.vn/san-pham/rue-broca-pride-pour-homme-edp-100-ml-6290171010166 2026-08-17T00:00:00.000Z daily https://icheck.vn/san-pham/hidaka-point-haircolor-light-brown-20g-4949176021982 2026-08-17T00:00:00.000Z daily https://icheck.vn/san-pham/vigor-milk-kids-gold-900g-8936187421050 2026-08-17T00:00:00.000Z daily https://icheck.vn/san-pham/correction-tape-deli-stationery-20m-5mm-6921734997296 2026-08-17T00:00:00.000Z daily https://icheck.vn/san-pham/ta-quan-pamper-nhat-ban-size-xl-30-4902430892933 2026-08-17T00:00:00.000Z daily https://icheck.vn/san-pham/new-dolce-gabbana-3308f-eyeglasses-501-100-8053672973006 2026-08-17T00:00:00.000Z daily https://icheck.vn/san-pham/alfaparf-semi-di-lino-diamante-illuminating-conditioner-250ml-8022297012667 2026-08-17T00:00:00.000Z daily https://icheck.vn/san-pham/hardlopen-archieven-pagina-12-van-59-3608429797289 2026-08-17T00:00:00.000Z daily https://icheck.vn/san-pham/pilchards-a-la-tomate-et-huile-cap-dinec-367-g-3251870002947 2026-08-17T00:00:00.000Z daily https://icheck.vn/san-pham/giay-rut-vip-mylan-2-1kg-xach-8936039560654 2026-08-17T00:00:00.000Z daily https://icheck.vn/san-pham/apple-iphone-11-pro-max-256gb-midnight-green-smartphone-groen-0190199383852 2026-08-17T00:00:00.000Z daily https://icheck.vn/san-pham/kem-chong-oxy-hoa-man-hinh-nhu-tuong-kem-oxy-30vol-1000-ml-8034077354638 2026-08-17T00:00:00.000Z daily https://icheck.vn/san-pham/gel-tam-bath-body-works-fiji-pineapple-palm-295ml-0667543537266 2026-08-17T00:00:00.000Z daily https://icheck.vn/san-pham/homeocan-kids-0-9-teething-unidoses-packaging-of-20-x-1ml-0778159803161 2026-08-17T00:00:00.000Z daily https://icheck.vn/san-pham/apple-watch-series-3-gps-cellular-38mm-aluminum-space-gray-sport-0190198510723 2026-08-17T00:00:00.000Z daily https://icheck.vn/san-pham/100-tablets-of-takeda-pharmaceutical-co-ltd-vitamin-c-takeda-4987123137355 2026-08-17T00:00:00.000Z daily https://icheck.vn/san-pham/-duoc-pham-taisho-vix-thuoc-giam-huong-vi-sieu-mat-20-4987306055780 2026-08-17T00:00:00.000Z daily https://icheck.vn/san-pham/dravie-dau-cuu-uc-chiet-xuat-tu-dau-xa-cho-mat-na-duong-toc-6953225999014 2026-08-17T00:00:00.000Z daily https://icheck.vn/san-pham/janeclare-vc-radix-astragali-whitening-booster-i-4897022462512 2026-08-17T00:00:00.000Z daily https://icheck.vn/san-pham/shiseido-cle-de-pau-beaute-nhu-tuong-antansive-n-125ml-4514254955307 2026-08-17T00:00:00.000Z daily https://icheck.vn/san-pham/details-about-takeda-benza-block-36-tablets-cough-medicine-from-japan-4987123143165 2026-08-17T00:00:00.000Z daily https://icheck.vn/san-pham/kojie-sua-rua-mat-giup-lam-sach-da-va-ngan-ngua-mun-100ml-8850722426419 2026-08-17T00:00:00.000Z daily https://icheck.vn/san-pham/1-la-colors-eye-shadow-palette-12-color-shades-double-end-brush-flashy-0081555418182 2026-08-17T00:00:00.000Z daily https://icheck.vn/san-pham/daniel-wellington-men-s-40mm-brown-genuine-leather-band-quartz-watch-0207dw-0671021122448 2026-08-17T00:00:00.000Z daily https://icheck.vn/san-pham/delia-gold-collagen-anti-wrinkle-cream-concentrate-50ml-55-5901350469170 2026-08-17T00:00:00.000Z daily https://icheck.vn/san-pham/adidas-originals-retro-ladies-sneaker-falcon-white-4060509108986 2026-08-17T00:00:00.000Z daily https://icheck.vn/san-pham/6971803063186 2026-08-17T00:00:00.000Z daily https://icheck.vn/san-pham/8801051553215 2026-08-17T00:00:00.000Z daily https://icheck.vn/san-pham/8934562439751 2026-08-17T00:00:00.000Z daily https://icheck.vn/san-pham/details-about-mpt-paint-spray-gun-electric-airless-sprayer-pro-500w-painting-wagner-compressor-6954233206057 2026-08-17T00:00:00.000Z daily https://icheck.vn/san-pham/4589998953728 2026-08-17T00:00:00.000Z daily https://icheck.vn/san-pham/4936516121952 2026-08-17T00:00:00.000Z daily https://icheck.vn/san-pham/seinakell-seiko-qxa728w-33cm-4517228834042 2026-08-17T00:00:00.000Z daily https://icheck.vn/san-pham/uag-urban-armor-gear-plasma-case-apple-iphone-11-pro-max-0812451032574 2026-08-17T00:00:00.000Z daily https://icheck.vn/san-pham/3000073302480 2026-08-17T00:00:00.000Z daily https://icheck.vn/san-pham/hamming-softener-hoa-bo-hoa-huong-thom-540ml-humming-nap-lai-khang-khuan-4901301306500 2026-08-17T00:00:00.000Z daily https://icheck.vn/san-pham/9555923585543 2026-08-17T00:00:00.000Z daily https://icheck.vn/san-pham/chello-chocolate-marshmallow-8801083484006 2026-08-17T00:00:00.000Z daily https://icheck.vn/san-pham/son-li-deborah-milano-ilrossetto-lipstick-7680657190892 2026-08-17T00:00:00.000Z daily https://icheck.vn/san-pham/0889143962167 2026-08-17T00:00:00.000Z daily https://icheck.vn/san-pham/8938519283008 2026-08-17T00:00:00.000Z daily https://icheck.vn/san-pham/jant-blanc-bb-cushion-8809445613804 2026-08-17T00:00:00.000Z daily https://icheck.vn/san-pham/kallax-surstromming-7350094940083 2026-08-17T00:00:00.000Z daily https://icheck.vn/san-pham/softymo-natu-savon-chon-body-wash-white-rich-moist-sakura-rose-body-500ml-4971710393309 2026-08-17T00:00:00.000Z daily https://icheck.vn/san-pham/4713398060223 2026-08-17T00:00:00.000Z daily https://icheck.vn/san-pham/sua-nguyen-kem-200ml-phap-0701197815766 2026-08-17T00:00:00.000Z daily https://icheck.vn/san-pham/sakura-gelly-roll-pen-fine-point-pink-1-0084511365117 2026-08-17T00:00:00.000Z daily https://icheck.vn/san-pham/8855140000494 2026-08-17T00:00:00.000Z daily https://icheck.vn/san-pham/0710217471127 2026-08-17T00:00:00.000Z daily https://icheck.vn/san-pham/mama-thai-style-soup-soup-noodle-60g-8851876001576 2026-08-17T00:00:00.000Z daily https://icheck.vn/san-pham/adidas-originals-by-stormzy-sprt-verryttelyhousut-ennakkotilaus-musta-4061617162969 2026-08-17T00:00:00.000Z daily https://icheck.vn/san-pham/bo-dau-vit-masterproof22038-4047562220381 2026-08-17T00:00:00.000Z daily https://icheck.vn/san-pham/6939549775404 2026-08-17T00:00:00.000Z daily https://icheck.vn/san-pham/nuoc-giat-family-huong-nuoc-hoa-phap-8936156640093 2026-08-17T00:00:00.000Z daily https://icheck.vn/san-pham/adidas-ultraboost-19-m-4061622664311 2026-08-17T00:00:00.000Z daily https://icheck.vn/san-pham/0889842193947 2026-08-17T00:00:00.000Z daily https://icheck.vn/san-pham/0818368021168 2026-08-17T00:00:00.000Z daily https://icheck.vn/san-pham/8809267890834 2026-08-17T00:00:00.000Z daily https://icheck.vn/san-pham/mikhail-kort-by-sandora-for-women-edp-3-4-oz-perfume-spray-made-in-usa-0092251700488 2026-08-17T00:00:00.000Z daily https://icheck.vn/san-pham/nasivin-0-025-0-25mg-ml-nosni-podani-gtt-sol-10ml-4027269289973 2026-08-17T00:00:00.000Z daily https://icheck.vn/san-pham/6940136194010 2026-08-17T00:00:00.000Z daily https://icheck.vn/san-pham/0842951110380 2026-08-17T00:00:00.000Z daily https://icheck.vn/san-pham/3605971635588 2026-08-17T00:00:00.000Z daily https://icheck.vn/san-pham/schneider-electric-lc1k1601b7-contactor-16a-24v-contactor-3389110124842 2026-08-17T00:00:00.000Z daily https://icheck.vn/san-pham/6920100836368 2026-08-17T00:00:00.000Z daily https://icheck.vn/san-pham/dewalt-14-piece-titanium-speed-tip-drill-bit-set-dw1341-0885911248501 2026-08-17T00:00:00.000Z daily https://icheck.vn/san-pham/snack-food-pasta-with-cheese-bacon-6917536060023 2026-08-17T00:00:00.000Z daily https://icheck.vn/san-pham/son-moi-mau-cy209-rose-pink-1-1g-8806190703767 2026-08-17T00:00:00.000Z daily https://icheck.vn/san-pham/8935277208519 2026-08-17T00:00:00.000Z daily https://icheck.vn/san-pham/lan-nach-balea-thien-duong-huong-hoa-paradies-4010355341495 2026-08-17T00:00:00.000Z daily https://icheck.vn/san-pham/koristeperhonen-24-kpl-6957590100808 2026-08-17T00:00:00.000Z daily https://icheck.vn/san-pham/0878135002646 2026-08-17T00:00:00.000Z daily https://icheck.vn/san-pham/orly-bonder-basecoat-18ml-new-boxed-0079245241103 2026-08-17T00:00:00.000Z daily https://icheck.vn/san-pham/0885179844392 2026-08-17T00:00:00.000Z daily https://icheck.vn/san-pham/00047019800368 2026-08-17T00:00:00.000Z daily https://icheck.vn/san-pham/dailyfoods-one-daily-90-tablet-0051494101186 2026-08-17T00:00:00.000Z daily https://icheck.vn/san-pham/aeg-hka6507rad-built-in-hob-self-4-cooking-zones-cooktop-7332543478576 2026-08-17T00:00:00.000Z daily https://icheck.vn/san-pham/8055684009117 2026-08-17T00:00:00.000Z daily https://icheck.vn/san-pham/8935270917128 2026-08-17T00:00:00.000Z daily https://icheck.vn/san-pham/8936092566778 2026-08-17T00:00:00.000Z daily https://icheck.vn/san-pham/hydra-zen-jelly-mask-3614272207646 2026-08-17T00:00:00.000Z daily https://icheck.vn/san-pham/bang-keo-dien-gongniu-1-cuon-18-m-mau-den-6970031942362 2026-08-17T00:00:00.000Z daily https://icheck.vn/san-pham/marker-liberty-jumbo-red-900-xl-each-4711093101913 2026-08-17T00:00:00.000Z daily https://icheck.vn/san-pham/8936147900892 2026-08-17T00:00:00.000Z daily https://icheck.vn/san-pham/8859305505046 2026-08-17T00:00:00.000Z daily https://icheck.vn/san-pham/6930099890104 2026-08-17T00:00:00.000Z daily https://icheck.vn/san-pham/4975364121271 2026-08-17T00:00:00.000Z daily https://icheck.vn/san-pham/7453062133552 2026-08-17T00:00:00.000Z daily https://icheck.vn/san-pham/0805278110143 2026-08-17T00:00:00.000Z daily https://icheck.vn/san-pham/rite-aid-nasal-strips-clear-medium-30-0011822430500 2026-08-17T00:00:00.000Z daily https://icheck.vn/san-pham/0846594008738 2026-08-17T00:00:00.000Z daily https://icheck.vn/san-pham/0731509976441 2026-08-17T00:00:00.000Z daily https://icheck.vn/san-pham/8809499690066 2026-08-17T00:00:00.000Z daily https://icheck.vn/san-pham/hira-blue-8858801791021 2026-08-17T00:00:00.000Z daily https://icheck.vn/san-pham/4061615642739 2026-08-17T00:00:00.000Z daily https://icheck.vn/san-pham/omega-king-kiddy-oil-dau-omega-8936148190025 2026-08-17T00:00:00.000Z daily https://icheck.vn/san-pham/casio-ct-x700-portable-digital-electric-keyboard-ctx700-61-keys-notes-brand-new-4971850314790 2026-08-17T00:00:00.000Z daily https://icheck.vn/san-pham/0858329007138 2026-08-17T00:00:00.000Z daily https://icheck.vn/san-pham/8936065777767 2026-08-17T00:00:00.000Z daily https://icheck.vn/san-pham/0015100003530 2026-08-17T00:00:00.000Z daily https://icheck.vn/san-pham/6931117766883 2026-08-17T00:00:00.000Z daily https://icheck.vn/san-pham/4337231957800 2026-08-17T00:00:00.000Z daily https://icheck.vn/san-pham/4991306455044 2026-08-17T00:00:00.000Z daily https://icheck.vn/san-pham/8936079381257 2026-08-17T00:00:00.000Z daily https://icheck.vn/san-pham/under-eye-cream-8904089805230 2026-08-17T00:00:00.000Z daily https://icheck.vn/san-pham/8809231612691 2026-08-17T00:00:00.000Z daily https://icheck.vn/san-pham/son-mini-givenchy-rouge-interdit-vinyl-revelateur-16-1-3g-3274872340374 2026-08-17T00:00:00.000Z daily https://icheck.vn/san-pham/8851943010982 2026-08-17T00:00:00.000Z daily https://icheck.vn/san-pham/250ml-yili-laojiao-46-do-10-chai-6903764836165 2026-08-17T00:00:00.000Z daily https://icheck.vn/san-pham/0845970018613 2026-08-17T00:00:00.000Z daily https://icheck.vn/san-pham/kieu-dang-keo-co-nap-3-hop-keo-deo-trai-cay-say-kho-6925874861677 2026-08-17T00:00:00.000Z daily https://icheck.vn/san-pham/oronain-otsuka-oronine-h-ointment-50g-tube-4987035099710 2026-08-17T00:00:00.000Z daily https://icheck.vn/san-pham/8809389861033 2026-08-17T00:00:00.000Z daily https://icheck.vn/san-pham/andreas-osten-ao-135-distrig-rose-gold-stainless-steel-mesh-bracelet-watch-3701020805817 2026-08-17T00:00:00.000Z daily https://icheck.vn/san-pham/7613036701686 2026-08-17T00:00:00.000Z daily https://icheck.vn/san-pham/8809618210397 2026-08-17T00:00:00.000Z daily https://icheck.vn/san-pham/4976631202327 2026-08-17T00:00:00.000Z daily https://icheck.vn/san-pham/rock-cases-and-covers-6950290646423 2026-08-17T00:00:00.000Z daily https://icheck.vn/san-pham/4580250592686 2026-08-17T00:00:00.000Z daily https://icheck.vn/san-pham/893456706911 2026-08-17T00:00:00.000Z daily https://icheck.vn/san-pham/6935113310989 2026-08-17T00:00:00.000Z daily https://icheck.vn/san-pham/8936109021696 2026-08-17T00:00:00.000Z daily https://icheck.vn/san-pham/g3550bl26-5-giay-an-toan-loai-sneaker-g3550-26-5cm-4979058805843 2026-08-17T00:00:00.000Z daily https://icheck.vn/san-pham/8801069403731 2026-08-17T00:00:00.000Z daily https://icheck.vn/san-pham/bot-co-barler-gass-powder-sw-200gr-0735850449005 2026-08-17T00:00:00.000Z daily https://icheck.vn/san-pham/new-wella-elements-renewing-shampoo-33-8oz-mens-hair-care-8005610486277 2026-08-17T00:00:00.000Z daily https://icheck.vn/san-pham/0083737182041 2026-08-17T00:00:00.000Z daily https://icheck.vn/san-pham/8595638102520 2026-08-17T00:00:00.000Z daily https://icheck.vn/san-pham/ke-dot-truc-vang-phap-bordeaux-3-lit-13-vol-3291890037789 2026-08-17T00:00:00.000Z daily https://icheck.vn/san-pham/parboiled-rice-skaneja-in-box-4x125-g-4770351101027 2026-08-17T00:00:00.000Z daily https://icheck.vn/san-pham/0723763276665 2026-08-17T00:00:00.000Z daily https://icheck.vn/san-pham/tinh-chat-voi-chiet-xuat-chat-nhay-cua-oc-sen-va-vang-thuoc-dia-tony-moly-intense-care-gold-24k-8806194023694 2026-08-17T00:00:00.000Z daily https://icheck.vn/san-pham/anne-klein-60-womens-new-1067-black-dolman-sleeve-casual-top-10-b-b-0782418139465 2026-08-17T00:00:00.000Z daily https://icheck.vn/san-pham/0191069742335 2026-08-17T00:00:00.000Z daily https://icheck.vn/san-pham/factory-direct-sales-agilise-dry-glue-extra-hard-hair-gel-strong-styling-430ml-oem-price-6922372900648 2026-08-17T00:00:00.000Z daily https://icheck.vn/san-pham/6922179200507 2026-08-17T00:00:00.000Z daily https://icheck.vn/san-pham/8003410355090 2026-08-17T00:00:00.000Z daily https://icheck.vn/san-pham/8936152999362 2026-08-17T00:00:00.000Z daily https://icheck.vn/san-pham/8809396442560 2026-08-17T00:00:00.000Z daily https://icheck.vn/san-pham/3600523610921 2026-08-17T00:00:00.000Z daily https://icheck.vn/san-pham/6916834094976 2026-08-17T00:00:00.000Z daily https://icheck.vn/san-pham/6933163311499 2026-08-17T00:00:00.000Z daily https://icheck.vn/san-pham/6938511853034 2026-08-17T00:00:00.000Z daily https://icheck.vn/san-pham/0841531102487 2026-08-17T00:00:00.000Z daily https://icheck.vn/san-pham/keishindo-japanese-shrimp-crackers-21-pieces-4538292037481 2026-08-17T00:00:00.000Z daily https://icheck.vn/san-pham/6926145224801 2026-08-17T00:00:00.000Z daily https://icheck.vn/san-pham/0050428547045 2026-08-17T00:00:00.000Z daily https://icheck.vn/san-pham/89385201991138 2026-08-17T00:00:00.000Z daily https://icheck.vn/san-pham/9323610006875 2026-08-17T00:00:00.000Z daily https://icheck.vn/san-pham/6291106486483 2026-08-17T00:00:00.000Z daily https://icheck.vn/san-pham/makita-18-volt-lxt-lithium-ion-cordless-12-led-flashlight-tool-only-0088381675727 2026-08-17T00:00:00.000Z daily https://icheck.vn/san-pham/6922971009759 2026-08-17T00:00:00.000Z daily https://icheck.vn/san-pham/tinh-chat-duong-toc-tinh-chat-duong-toc-mem-muot-ekel-8809430538938 2026-08-17T00:00:00.000Z daily https://icheck.vn/san-pham/nama-chocolate-barley-4903379020586 2026-08-17T00:00:00.000Z daily https://icheck.vn/san-pham/8992775347751 2026-08-17T00:00:00.000Z daily https://icheck.vn/san-pham/tuong-ca-chua-otafuku-cho-be-tu-1-tuoi-4970077189099 2026-08-17T00:00:00.000Z daily https://icheck.vn/san-pham/4987475116978 2026-08-17T00:00:00.000Z daily https://icheck.vn/san-pham/14800361002971 2026-08-17T00:00:00.000Z daily https://icheck.vn/san-pham/6972486740012 2026-08-17T00:00:00.000Z daily https://icheck.vn/san-pham/4984343916241 2026-08-17T00:00:00.000Z daily https://icheck.vn/san-pham/michael-kors-maci-three-hand-blush-leather-watch-0796483414747 2026-08-17T00:00:00.000Z daily https://icheck.vn/san-pham/4770351203202 2026-08-17T00:00:00.000Z daily https://icheck.vn/san-pham/4549051212360 2026-08-17T00:00:00.000Z daily https://icheck.vn/san-pham/5057983946837 2026-08-17T00:00:00.000Z daily https://icheck.vn/san-pham/banh-xop-toppoint-dau-264g-8850203933030 2026-08-17T00:00:00.000Z daily https://icheck.vn/san-pham/turbeau-noir-33-cl-fles-5413784600338 2026-08-17T00:00:00.000Z daily https://icheck.vn/san-pham/jbl-tune-120tws-true-wireless-earphones-black-0050036361002 2026-08-17T00:00:00.000Z daily https://icheck.vn/san-pham/4582419532670 2026-08-17T00:00:00.000Z daily https://icheck.vn/san-pham/so-crabit-a5-sketchbook-florist-plain-80-trang-1961-8936072919617 2026-08-17T00:00:00.000Z daily https://icheck.vn/san-pham/bang-ve-sinh-kotex-4710036029277 2026-08-17T00:00:00.000Z daily https://icheck.vn/san-pham/6925281928338 2026-08-17T00:00:00.000Z daily https://icheck.vn/san-pham/ma-hong-bh-cosmetics-floral-blush-duo-cheek-color-0849953006987 2026-08-17T00:00:00.000Z daily https://icheck.vn/san-pham/8434486119468 2026-08-17T00:00:00.000Z daily https://icheck.vn/san-pham/3379501830186 2026-08-17T00:00:00.000Z daily https://icheck.vn/san-pham/dermagrip-examination-gloves-latex-s-100-pcs-9557955014220 2026-08-17T00:00:00.000Z daily https://icheck.vn/san-pham/ougakuen-whole-fruit-juice-candy-70g-4901650292455 2026-08-17T00:00:00.000Z daily https://icheck.vn/san-pham/masa-ni-houba-1-ks-4010355551023 2026-08-17T00:00:00.000Z daily https://icheck.vn/san-pham/3577056022463 2026-08-17T00:00:00.000Z daily https://icheck.vn/san-pham/goi-tri-ve-bearing-short-hair-1500ml-8850292512048 2026-08-17T00:00:00.000Z daily https://icheck.vn/san-pham/fossil-carlie-carbon-series-diamond-three-hand-rose-gold-tone-35mm-watch-es4441-0796483400252 2026-08-17T00:00:00.000Z daily https://icheck.vn/san-pham/8938512783444 2026-08-17T00:00:00.000Z daily https://icheck.vn/san-pham/8934562915170 2026-08-17T00:00:00.000Z daily https://icheck.vn/san-pham/anne-klein-ak-3434rglg-0086702641888 2026-08-17T00:00:00.000Z daily https://icheck.vn/san-pham/8801046295700 2026-08-17T00:00:00.000Z daily https://icheck.vn/san-pham/8936026570116 2026-08-17T00:00:00.000Z daily https://icheck.vn/san-pham/0812267011473 2026-08-17T00:00:00.000Z daily https://icheck.vn/san-pham/8935218306724 2026-08-17T00:00:00.000Z daily https://icheck.vn/san-pham/cold-cream-3574661479620 2026-08-17T00:00:00.000Z daily https://icheck.vn/san-pham/0098686757769 2026-08-17T00:00:00.000Z daily https://icheck.vn/san-pham/6910889523849 2026-08-17T00:00:00.000Z daily https://icheck.vn/san-pham/4260412322428 2026-08-17T00:00:00.000Z daily https://icheck.vn/san-pham/sua-duong-am-iona-120ml-4955273805011 2026-08-17T00:00:00.000Z daily https://icheck.vn/san-pham/9350471000018 2026-08-17T00:00:00.000Z daily https://icheck.vn/san-pham/nuoc-tay-trang-aus-life-aussie-tea-tree-oil-cleansing-makeup-30-vao-nuoc-rua-mat-tra-cay-8809460850277 2026-08-17T00:00:00.000Z daily https://icheck.vn/san-pham/handbag-furla-milano-984318-b-bmq2-fsr-camelia-e-8050560116859 2026-08-17T00:00:00.000Z daily https://icheck.vn/san-pham/7316577541659 2026-08-17T00:00:00.000Z daily https://icheck.vn/san-pham/pringles-grilled-sausage-flavor-korea-only-launched-limited-edition-110g-3-8oz-8886467113833 2026-08-17T00:00:00.000Z daily https://icheck.vn/san-pham/shimano-spinning-reel-19-stole-dick-c3000-4969363040183 2026-08-17T00:00:00.000Z daily https://icheck.vn/san-pham/0083624010433 2026-08-17T00:00:00.000Z daily https://icheck.vn/san-pham/8032667662781 2026-08-17T00:00:00.000Z daily https://icheck.vn/san-pham/6971116109557 2026-08-17T00:00:00.000Z daily https://icheck.vn/san-pham/0079400100443 2026-08-17T00:00:00.000Z daily https://icheck.vn/san-pham/shiseido-aqua-label-special-jule-160ml-1-sheet-mask-from-japan-8-21-4901872961405 2026-08-17T00:00:00.000Z daily https://icheck.vn/san-pham/axe-signature-denim-lather-shaving-cream-78-g-8901030693205 2026-08-17T00:00:00.000Z daily https://icheck.vn/san-pham/8806087483291 2026-08-17T00:00:00.000Z daily https://icheck.vn/san-pham/8936111442094 2026-08-17T00:00:00.000Z daily https://icheck.vn/san-pham/giay-the-thao-nam-4061622658914 2026-08-17T00:00:00.000Z daily https://icheck.vn/san-pham/0091661480805 2026-08-17T00:00:00.000Z daily https://icheck.vn/san-pham/8434459081563 2026-08-17T00:00:00.000Z daily https://icheck.vn/san-pham/10754870346245 2026-08-17T00:00:00.000Z daily https://icheck.vn/san-pham/eo-laboratorie-natural-organic-anti-age-facial-tonic-200ml-4627089431882 2026-08-17T00:00:00.000Z daily https://icheck.vn/san-pham/4549131681482 2026-08-17T00:00:00.000Z daily https://icheck.vn/san-pham/xiaomi-redmi-4x-dual-sim-16gb-2gb-ram-4g-lte-black-6954176833532 2026-08-17T00:00:00.000Z daily https://icheck.vn/san-pham/6938380023514 2026-08-17T00:00:00.000Z daily https://icheck.vn/san-pham/8809516796504 2026-08-17T00:00:00.000Z daily https://icheck.vn/san-pham/6970536082501 2026-08-17T00:00:00.000Z daily https://icheck.vn/san-pham/6947790538471 2026-08-17T00:00:00.000Z daily https://icheck.vn/san-pham/6294003802578 2026-08-17T00:00:00.000Z daily https://icheck.vn/san-pham/son-mong-golden-rose-wow-nail-color-mau-92-nau-tortilla-8691190960926 2026-08-17T00:00:00.000Z daily https://icheck.vn/san-pham/893850557022 2026-08-17T00:00:00.000Z daily https://icheck.vn/san-pham/8809205140700 2026-08-17T00:00:00.000Z daily https://icheck.vn/san-pham/giay-the-thao-nam-lining-arhn109-1-6919521524169 2026-08-17T00:00:00.000Z daily https://icheck.vn/san-pham/9555540012927 2026-08-17T00:00:00.000Z daily https://icheck.vn/san-pham/6921964800212 2026-08-17T00:00:00.000Z daily https://icheck.vn/san-pham/8935232012052 2026-08-17T00:00:00.000Z daily https://icheck.vn/san-pham/4603586011628 2026-08-17T00:00:00.000Z daily https://icheck.vn/san-pham/10b-gold-max-hd-ho-tro-boi-bo-suc-khoe-nang-cao-suc-de-khang-8936068243023 2026-08-17T00:00:00.000Z daily https://icheck.vn/san-pham/nstitut-karite-paris-100-pure-shea-butter-jungle-paradise-collector-edition-3760091903235 2026-08-17T00:00:00.000Z daily https://icheck.vn/san-pham/4713213333723 2026-08-17T00:00:00.000Z daily https://icheck.vn/san-pham/autan-tropical-100-ml-spray-5000204913118 2026-08-17T00:00:00.000Z daily https://icheck.vn/san-pham/9556202810943 2026-08-17T00:00:00.000Z daily https://icheck.vn/san-pham/baile-vibe-brach-prince-purple-6959532309768 2026-08-17T00:00:00.000Z daily https://icheck.vn/san-pham/0079200005054 2026-08-17T00:00:00.000Z daily https://icheck.vn/san-pham/byphasse-fixator-makeup-solution-micellar-8436097093793 2026-08-17T00:00:00.000Z daily https://icheck.vn/san-pham/kruidvat-100-cotton-wattenschijfjes-voordeelpak-8717333703950 2026-08-17T00:00:00.000Z daily https://icheck.vn/san-pham/serum-cham-mun-8938502505438 2026-08-17T00:00:00.000Z daily https://icheck.vn/san-pham/8934903001470 2026-08-17T00:00:00.000Z daily https://icheck.vn/san-pham/details-about-ralph-lauren-tender-romance-eau-de-parfum-rollerball-0-34-oz-10-ml-brand-new-3605971068775 2026-08-17T00:00:00.000Z daily https://icheck.vn/san-pham/0873948003576 2026-08-17T00:00:00.000Z daily https://icheck.vn/san-pham/8850723738689 2026-08-17T00:00:00.000Z daily https://icheck.vn/san-pham/kem-bb-eco-soul-skin-bb-8806164148075 2026-08-17T00:00:00.000Z daily https://icheck.vn/san-pham/0063013000054 2026-08-17T00:00:00.000Z daily https://icheck.vn/san-pham/8938508240397 2026-08-17T00:00:00.000Z daily https://icheck.vn/san-pham/comprar-espuma-limpiadora-150-ml-8436542252911 2026-08-17T00:00:00.000Z daily https://icheck.vn/san-pham/0026217291161 2026-08-17T00:00:00.000Z daily https://icheck.vn/san-pham/8809051282050 2026-08-17T00:00:00.000Z daily https://icheck.vn/san-pham/6221056025333 2026-08-17T00:00:00.000Z daily https://icheck.vn/san-pham/4316268485869 2026-08-17T00:00:00.000Z daily https://icheck.vn/san-pham/bong-y-te-an-lanh-50g-8936074974164 2026-08-17T00:00:00.000Z daily https://icheck.vn/san-pham/chat-tay-duong-ong-1l-4978951050039 2026-08-17T00:00:00.000Z daily https://icheck.vn/san-pham/6905605749863 2026-08-17T00:00:00.000Z daily https://icheck.vn/san-pham/why-not-spinns-4974012054091 2026-08-17T00:00:00.000Z daily https://icheck.vn/san-pham/5036401812466 2026-08-17T00:00:00.000Z daily https://icheck.vn/san-pham/alice-am-be-sot-dan-10-mieng-4905009798193 2026-08-17T00:00:00.000Z daily https://icheck.vn/san-pham/6972190857228 2026-08-17T00:00:00.000Z daily https://icheck.vn/san-pham/dolce-gabbana-dolce-rosa-eau-de-parfum-3423473020172 2026-08-17T00:00:00.000Z daily https://icheck.vn/san-pham/6951439907931 2026-08-17T00:00:00.000Z daily https://icheck.vn/san-pham/6924338200021 2026-08-17T00:00:00.000Z daily https://icheck.vn/san-pham/8851775887172 2026-08-17T00:00:00.000Z daily https://icheck.vn/san-pham/6959748003719 2026-08-17T00:00:00.000Z daily https://icheck.vn/san-pham/nuoc-uong-dong-chai-cool-8938529404073 2026-08-17T00:00:00.000Z daily https://icheck.vn/san-pham/4969726009659 2026-08-17T00:00:00.000Z daily https://icheck.vn/san-pham/thanh-lan-chong-nang-comfortable-nhat-ban-4992440036717 2026-08-17T00:00:00.000Z daily https://icheck.vn/san-pham/opi-infinite-shine-nail-lacquer-15ml-icelanded-a-bottle-of-opi-isl-i53-0094100005782 2026-08-17T00:00:00.000Z daily https://icheck.vn/san-pham/aoc-ventoux-vignerons-du-mont-ventoux-cuvee-altitude-500-75cl-3302930001032 2026-08-17T00:00:00.000Z daily https://icheck.vn/san-pham/velcro-stick-on-heavy-duty-hook-loop-strips-rough-surface-9311417255466 2026-08-17T00:00:00.000Z daily https://icheck.vn/san-pham/balea-vanilla-chai-k-rbis-maske-le-4010355585905 2026-08-17T00:00:00.000Z daily https://icheck.vn/san-pham/lacoste-eau-de-lacoste-l-12-12-magnetic-50ml-shower-gel-travel-size-8005610267111 2026-08-17T00:00:00.000Z daily https://icheck.vn/san-pham/8809315767613 2026-08-17T00:00:00.000Z daily https://icheck.vn/san-pham/4060509629269 2026-08-17T00:00:00.000Z daily https://icheck.vn/san-pham/scunci-no-damage-hair-ties-medium-black-25-count-0043194389681 2026-08-17T00:00:00.000Z daily https://icheck.vn/san-pham/6936021300376 2026-08-17T00:00:00.000Z daily https://icheck.vn/san-pham/hop-ngu-coc-dinh-duong-mueslix-5-grains-kellogg-s-orchard-beauty-35g-8852756126303 2026-08-17T00:00:00.000Z daily https://icheck.vn/san-pham/9004110004232 2026-08-17T00:00:00.000Z daily https://icheck.vn/san-pham/nu328-e-m1-c3-cylindrical-roller-bearings-4012801401388 2026-08-17T00:00:00.000Z daily https://icheck.vn/san-pham/nike-nike-benassi-jdi-in-631261-023su19-nam-0192499328854 2026-08-17T00:00:00.000Z daily https://icheck.vn/san-pham/doi-tuyen-bong-da-quoc-gia-nhat-ban-vong-con-trung-chong-con-trung-huong-thom-20-mieng-goldbird-4987115540699 2026-08-17T00:00:00.000Z daily https://icheck.vn/san-pham/comfast-cf-wu770n-150mbps-radar-usb-6955410010276 2026-08-17T00:00:00.000Z daily https://icheck.vn/san-pham/8934576469508 2026-08-17T00:00:00.000Z daily https://icheck.vn/san-pham/893607718112 2026-08-17T00:00:00.000Z daily https://icheck.vn/san-pham/iphone-11-unlocked-128gb-red-fair-0190199220690 2026-08-17T00:00:00.000Z daily https://icheck.vn/san-pham/8431729729507 2026-08-17T00:00:00.000Z daily https://icheck.vn/san-pham/dw5748-ao-the-thao-coc-tay-nam-adidas-trang-4061615954733 2026-08-17T00:00:00.000Z daily https://icheck.vn/san-pham/hat-sen-den-hat-gao-thom-4711174990078 2026-08-17T00:00:00.000Z daily https://icheck.vn/san-pham/leode-v-600-4966779600239 2026-08-17T00:00:00.000Z daily https://icheck.vn/san-pham/cvs-health-daily-gummies-men-s-multivitamin-140-ct-total-exp-06-18-0050428292570 2026-08-17T00:00:00.000Z daily https://icheck.vn/san-pham/8934562514816 2026-08-17T00:00:00.000Z daily https://icheck.vn/san-pham/sidchrome-scmt22231-22mm-ring-open-end-metric-spanner-9311927222316 2026-08-17T00:00:00.000Z daily https://icheck.vn/san-pham/fatigon-spirit-8995858111010 2026-08-17T00:00:00.000Z daily https://icheck.vn/san-pham/6922971020303 2026-08-17T00:00:00.000Z daily https://icheck.vn/san-pham/-new-bluetooth-4-1-deployment-wireless-stereo-earphone-black-pg-bte1s01-iphone-smartphone-smartphone-android-4562358112317 2026-08-17T00:00:00.000Z daily https://icheck.vn/san-pham/8936150191614 2026-08-17T00:00:00.000Z daily https://icheck.vn/san-pham/6913189335815 2026-08-17T00:00:00.000Z daily https://icheck.vn/san-pham/9339561894010 2026-08-17T00:00:00.000Z daily https://icheck.vn/san-pham/banh-denis-thit-bo-8938528608052 2026-08-17T00:00:00.000Z daily https://icheck.vn/san-pham/4550215667872 2026-08-17T00:00:00.000Z daily https://icheck.vn/san-pham/8936001882307 2026-08-17T00:00:00.000Z daily https://icheck.vn/san-pham/8802885123056 2026-08-17T00:00:00.000Z daily https://icheck.vn/san-pham/0631992001654 2026-08-17T00:00:00.000Z daily https://icheck.vn/san-pham/l-a-colors-shimmering-loose-eye-shadow-119-ocean-breeze-0081555751197 2026-08-17T00:00:00.000Z daily https://icheck.vn/san-pham/for-her-set-3423478502758 2026-08-17T00:00:00.000Z daily https://icheck.vn/san-pham/meiji-melty-kiss-caramel-marble-box-10-4902777030593 2026-08-17T00:00:00.000Z daily https://icheck.vn/san-pham/hop-luu-tru-chan-khong-3m-hinh-chu-nhat-500ml-4710367350712 2026-08-17T00:00:00.000Z daily https://icheck.vn/san-pham/6971593083524 2026-08-17T00:00:00.000Z daily https://icheck.vn/san-pham/korean-cosmetics-amore-pacific-odyssey-black-men-s-skin-care-set-8806403200502 2026-08-17T00:00:00.000Z daily https://icheck.vn/san-pham/0667546863348 2026-08-17T00:00:00.000Z daily https://icheck.vn/san-pham/0698156073308 2026-08-17T00:00:00.000Z daily https://icheck.vn/san-pham/binh-tra-thuy-tinh-450ml-4546490300139 2026-08-17T00:00:00.000Z daily https://icheck.vn/san-pham/0725125994286 2026-08-17T00:00:00.000Z daily https://icheck.vn/san-pham/8934609103829 2026-08-17T00:00:00.000Z daily https://icheck.vn/san-pham/8809460321784 2026-08-17T00:00:00.000Z daily https://icheck.vn/san-pham/0192136549994 2026-08-17T00:00:00.000Z daily https://icheck.vn/san-pham/0088381487771 2026-08-17T00:00:00.000Z daily https://icheck.vn/san-pham/linksys-mx10600-tri-band-wifi-router-ac3000-0745883787135 2026-08-17T00:00:00.000Z daily https://icheck.vn/san-pham/9300633636760 2026-08-17T00:00:00.000Z daily https://icheck.vn/san-pham/sua-rua-mat-thefaceshop-herb-day-365-master-blending-lemon-grapefruit-8806182575006 2026-08-17T00:00:00.000Z daily https://icheck.vn/san-pham/10850011051044 2026-08-17T00:00:00.000Z daily https://icheck.vn/san-pham/0194223346691 2026-08-17T00:00:00.000Z daily https://icheck.vn/san-pham/yonex-voltric-z-force-ii-badminton-racket-4u-g5-4549317181928 2026-08-17T00:00:00.000Z daily https://icheck.vn/san-pham/casio-silver-dial-date-gold-tone-stainless-steel-ladies-watch-ltp-1359g-7av-4971850073086 2026-08-17T00:00:00.000Z daily https://icheck.vn/san-pham/8806164154205 2026-08-17T00:00:00.000Z daily https://icheck.vn/san-pham/9300807303542 2026-08-17T00:00:00.000Z daily https://icheck.vn/san-pham/ultra-thin-goodnights-9325344002260 2026-08-17T00:00:00.000Z daily https://icheck.vn/san-pham/6940785304624 2026-08-17T00:00:00.000Z daily https://icheck.vn/san-pham/menterm-u20-cream-4987036162475 2026-08-17T00:00:00.000Z daily https://icheck.vn/san-pham/jack-daniel-s-tennessee-fire-1-0l-35-vol-5099873006498 2026-08-17T00:00:00.000Z daily https://icheck.vn/san-pham/clikon-1-8-liter-electric-kettle-silver-ck5121-6291106794687 2026-08-17T00:00:00.000Z daily https://icheck.vn/san-pham/l-oreal-color-riche-730-au-currant-lipcolor-0071249045893 2026-08-17T00:00:00.000Z daily https://icheck.vn/san-pham/0037815000079 2026-08-17T00:00:00.000Z daily https://icheck.vn/san-pham/0873948004931 2026-08-17T00:00:00.000Z daily https://icheck.vn/san-pham/db1459-element-race-4059323721488 2026-08-17T00:00:00.000Z daily https://icheck.vn/san-pham/0798293988999 2026-08-17T00:00:00.000Z daily https://icheck.vn/san-pham/tao-xanh-nhap-khau-200g-tnt-foods-8936176752189 2026-08-17T00:00:00.000Z daily https://icheck.vn/san-pham/3574661268583 2026-08-17T00:00:00.000Z daily https://icheck.vn/san-pham/kiehl-s-cucumber-herbal-conditioningl-cleanser-2-5oz-75ml-3605971770319 2026-08-17T00:00:00.000Z daily https://icheck.vn/san-pham/3598723209420 2026-08-17T00:00:00.000Z daily https://icheck.vn/san-pham/keo-cat-stainless-steel-k90-6971776411076 2026-08-17T00:00:00.000Z daily https://icheck.vn/san-pham/xit-thom-quan-ao-huong-hoa-anh-dao-korea-250ml-8809693270026 2026-08-17T00:00:00.000Z daily https://icheck.vn/san-pham/5022032112464 2026-08-17T00:00:00.000Z daily https://icheck.vn/san-pham/biscuits-galette-pur-beurre-st-michel-la-boite-de-36-208g-a-prix-carrefour-3178530413977 2026-08-17T00:00:00.000Z daily https://icheck.vn/san-pham/corbi-gold-mom-900gr-danh-cho-phu-nu-co-thai-va-cho-con-bu-8938528020083 2026-08-17T00:00:00.000Z daily https://icheck.vn/san-pham/6940785311967 2026-08-17T00:00:00.000Z daily https://icheck.vn/san-pham/0025725524648 2026-08-17T00:00:00.000Z daily https://icheck.vn/san-pham/giay-nike-nike-nike-nike-jordan-break-slide-ar6374-001su19-nam-0192499392442 2026-08-17T00:00:00.000Z daily https://icheck.vn/san-pham/4710155274701 2026-08-17T00:00:00.000Z daily https://icheck.vn/san-pham/nike-nadal-federer-bandana-411317-color-315-0065800132245 2026-08-17T00:00:00.000Z daily https://icheck.vn/san-pham/0041111277721 2026-08-17T00:00:00.000Z daily https://icheck.vn/san-pham/6959555116329 2026-08-17T00:00:00.000Z daily https://icheck.vn/san-pham/raymond-weil-maestro-automatic-grey-dial-men-s-watch-2239m-st-00609-7611784044246 2026-08-17T00:00:00.000Z daily https://icheck.vn/san-pham/5946041022722 2026-08-17T00:00:00.000Z daily https://icheck.vn/san-pham/6970133520307 2026-08-17T00:00:00.000Z daily https://icheck.vn/san-pham/0192341079965 2026-08-17T00:00:00.000Z daily https://icheck.vn/san-pham/vo-buoi-say-gion-250g-8938528224535 2026-08-17T00:00:00.000Z daily https://icheck.vn/san-pham/8936138315155 2026-08-17T00:00:00.000Z daily https://icheck.vn/san-pham/bep-tu-doi-binova-bi-968jp-4991203195951 2026-08-17T00:00:00.000Z daily https://icheck.vn/san-pham/6959637602634 2026-08-17T00:00:00.000Z daily https://icheck.vn/san-pham/00706403401030 2026-08-17T00:00:00.000Z daily https://icheck.vn/san-pham/haglucomau-dr-huy-8938509193553 2026-08-17T00:00:00.000Z daily https://icheck.vn/san-pham/4060981869894 2026-08-17T00:00:00.000Z daily https://icheck.vn/san-pham/to-be-tattoo-special-edition-by-police-perfume-125ml-eau-de-toilette-spray-0679602164115 2026-08-17T00:00:00.000Z daily https://icheck.vn/san-pham/cay-du-cho-be-45cm-4545244524531 2026-08-17T00:00:00.000Z daily https://icheck.vn/san-pham/cisco-sg350-10p-10-port-gigabit-poe-managed-switch-sg350-10p-k9-eu-0882658767562 2026-08-17T00:00:00.000Z daily https://icheck.vn/san-pham/nike-air-h86-cap-kappe-m-tze-100-0884500246157 2026-08-17T00:00:00.000Z daily https://icheck.vn/san-pham/e-cloth-glass-and-polishing-cloth-0899484002057 2026-08-17T00:00:00.000Z daily https://icheck.vn/san-pham/bia-bong-tuyet-500ml-6949352201915 2026-08-17T00:00:00.000Z daily https://icheck.vn/san-pham/8857125415071 2026-08-17T00:00:00.000Z daily https://icheck.vn/san-pham/lion-ban-sweat-block-gel-for-foot-40ml-nano-ion-japan-4903301265849 2026-08-17T00:00:00.000Z daily https://icheck.vn/san-pham/4607092071107 2026-08-17T00:00:00.000Z daily https://icheck.vn/san-pham/equate-shampoos-rinses-maximum-strength-lice-killing-shampoo-6oz-compare-to-rid-0681131732123 2026-08-17T00:00:00.000Z daily https://icheck.vn/san-pham/3660005625010 2026-08-17T00:00:00.000Z daily https://icheck.vn/san-pham/4984343940796 2026-08-17T00:00:00.000Z daily https://icheck.vn/san-pham/0038788000097 2026-08-17T00:00:00.000Z daily https://icheck.vn/san-pham/dung-cu-ve-sinh-binh-sua-xoay-360-nuborn-vt6001-8850366060017 2026-08-17T00:00:00.000Z daily https://icheck.vn/san-pham/8809511811363 2026-08-17T00:00:00.000Z daily https://icheck.vn/san-pham/yonex-bag9629-pro-nine-pack-tennis-bag-0008235152068 2026-08-17T00:00:00.000Z daily https://icheck.vn/san-pham/8934581957441 2026-08-17T00:00:00.000Z daily https://icheck.vn/san-pham/4022469077368 2026-08-17T00:00:00.000Z daily https://icheck.vn/san-pham/9341104112130 2026-08-17T00:00:00.000Z daily https://icheck.vn/san-pham/8809674115308 2026-08-17T00:00:00.000Z daily https://icheck.vn/san-pham/8806392888866 2026-08-17T00:00:00.000Z daily https://icheck.vn/san-pham/8809191948250 2026-08-17T00:00:00.000Z daily https://icheck.vn/san-pham/6924247420336 2026-08-17T00:00:00.000Z daily https://icheck.vn/san-pham/6933004194861 2026-08-17T00:00:00.000Z daily https://icheck.vn/san-pham/0702443789015 2026-08-17T00:00:00.000Z daily https://icheck.vn/san-pham/cap-lang-telon-lang-plus-60-ml-8993176111354 2026-08-17T00:00:00.000Z daily https://icheck.vn/san-pham/6971408150755 2026-08-17T00:00:00.000Z daily https://icheck.vn/san-pham/0193146860833 2026-08-17T00:00:00.000Z daily https://icheck.vn/san-pham/8936154541002 2026-08-17T00:00:00.000Z daily https://icheck.vn/san-pham/topvalu-salt-candy-100g-4902121785162 2026-08-17T00:00:00.000Z daily https://icheck.vn/san-pham/8806194017006 2026-08-17T00:00:00.000Z daily https://icheck.vn/san-pham/bep-tu-doi-binova-bi-888eu-8422248095426 2026-08-17T00:00:00.000Z daily https://icheck.vn/san-pham/sua-tam-hazeline-tay-da-chet-sang-da-cam-yuzu-cherry-900g-8934868141822 2026-08-17T00:00:00.000Z daily https://icheck.vn/san-pham/ginestra-vien-dat-am-dao-931857003 2026-08-17T00:00:00.000Z daily https://icheck.vn/san-pham/4549846248130 2026-08-17T00:00:00.000Z daily https://icheck.vn/san-pham/6970913303960 2026-08-17T00:00:00.000Z daily https://icheck.vn/san-pham/6942998731525 2026-08-17T00:00:00.000Z daily https://icheck.vn/san-pham/3496634870510 2026-08-17T00:00:00.000Z daily https://icheck.vn/san-pham/thuoc-la-jin-sheng-6901028224079 2026-08-17T00:00:00.000Z daily https://icheck.vn/san-pham/nuoc-khoang-thien-nhien-co-dien-st-taole-750ml-4101090000614 2026-08-17T00:00:00.000Z daily https://icheck.vn/san-pham/8936075940083 2026-08-17T00:00:00.000Z daily https://icheck.vn/san-pham/favourites-party-pack-540g-9300617067641 2026-08-17T00:00:00.000Z daily https://icheck.vn/san-pham/-vuon-yu-yu-macao-huong-vi-rong-bien-thit-thong-phuong-cuon-trung-dac-san-hop-qua-tang-co-do-an-nhe-thay-cho-6959558900253 2026-08-17T00:00:00.000Z daily https://icheck.vn/san-pham/8850299010066 2026-08-17T00:00:00.000Z daily https://icheck.vn/san-pham/0796480465025 2026-08-17T00:00:00.000Z daily https://icheck.vn/san-pham/8935238859583 2026-08-17T00:00:00.000Z daily https://icheck.vn/san-pham/0091603052404 2026-08-17T00:00:00.000Z daily https://icheck.vn/san-pham/6009510641394 2026-08-17T00:00:00.000Z daily https://icheck.vn/san-pham/m-g-snoopy-4-colours-pen-6937168845140 2026-08-17T00:00:00.000Z daily https://icheck.vn/san-pham/duong-vang-nhat-ban-1kg-hat-to-4905155195044 2026-08-17T00:00:00.000Z daily https://icheck.vn/san-pham/maycheer-premier-essence-full-coverage-concealer-in-magic-cover-spf-20-blemish-dark-circles-spots-skin-face-makeup-6924820888904 2026-08-17T00:00:00.000Z daily https://icheck.vn/san-pham/ulta3-element-eyeshadow-palette-9329370319446 2026-08-17T00:00:00.000Z daily https://icheck.vn/san-pham/colageno-6928001837873 2026-08-17T00:00:00.000Z daily https://icheck.vn/san-pham/nike-legend-7-elite-fg-soccer-cleats-mens-7-womens-8-5-world-cup-white-blue-0884498329979 2026-08-17T00:00:00.000Z daily https://icheck.vn/san-pham/6927922250716 2026-08-17T00:00:00.000Z daily https://icheck.vn/san-pham/go-healthy-turmeric-glucosamine-120-vege-capsules-9421025566882 2026-08-17T00:00:00.000Z daily https://icheck.vn/san-pham/besico-towel-size-15-x-30-in-light-brown-color-8859160951835 2026-08-17T00:00:00.000Z daily https://icheck.vn/san-pham/cadbury-dairy-milk-santa-sharepack-9300617071105 2026-08-17T00:00:00.000Z daily https://icheck.vn/san-pham/ky-jelly-lubricant-water-based-personal-warming-lube-for-his-and-hers-sensations-0067981088922 2026-08-17T00:00:00.000Z daily https://icheck.vn/san-pham/vien-thao-moc-vung-kin-8938529759036 2026-08-17T00:00:00.000Z daily https://icheck.vn/san-pham/nips-peanut-deluxe-4800016043246 2026-08-17T00:00:00.000Z daily https://icheck.vn/san-pham/bep-tu-doi-binova-bi-868it-8033211297176 2026-08-17T00:00:00.000Z daily https://icheck.vn/san-pham/eco-styler-professional-styling-gel-coconut-oil-max-hold-8-oz-0748378004175 2026-08-17T00:00:00.000Z daily https://icheck.vn/san-pham/ambre-solair-3600540090751 2026-08-17T00:00:00.000Z daily https://icheck.vn/san-pham/blossom-plant-extract-hydrated-body-lotion-6950109203397 2026-08-17T00:00:00.000Z daily https://icheck.vn/san-pham/elite-fly-bottle-550ml-green-8020775029657 2026-08-17T00:00:00.000Z daily https://icheck.vn/san-pham/chao-sua-nestle-4600680005249 2026-08-17T00:00:00.000Z daily https://icheck.vn/san-pham/schwarzkopf-got2b-phi-thuong-tao-dang-sap-100ml-6920177935018 2026-08-17T00:00:00.000Z daily https://icheck.vn/san-pham/j-r-watkins-hand-cream-aloe-green-tea-3-3-oz-0818570002467 2026-08-17T00:00:00.000Z daily https://icheck.vn/san-pham/jim-dunlop-6592-orchestral-65-polish-and-cleaner-0710137017627 2026-08-17T00:00:00.000Z daily https://icheck.vn/san-pham/happy-bath-green-8809643077569 2026-08-17T00:00:00.000Z daily https://icheck.vn/san-pham/9352560234823 2026-08-17T00:00:00.000Z daily https://icheck.vn/san-pham/8809520210065 2026-08-17T00:00:00.000Z daily https://icheck.vn/san-pham/8934976200848 2026-08-17T00:00:00.000Z daily https://icheck.vn/san-pham/deli-0600-pull-out-scissior-6921734909268 2026-08-17T00:00:00.000Z daily https://icheck.vn/san-pham/0089993138013 2026-08-17T00:00:00.000Z daily https://icheck.vn/san-pham/eglips-stick-shadow-04-oak-8809213801105 2026-08-17T00:00:00.000Z daily https://icheck.vn/san-pham/0858789004654 2026-08-17T00:00:00.000Z daily https://icheck.vn/san-pham/4015630068111 2026-08-17T00:00:00.000Z daily https://icheck.vn/san-pham/2018-new-product-ppt-flip-version-preview-6933890361279 2026-08-17T00:00:00.000Z daily https://icheck.vn/san-pham/vigor-milk-mom-gold-900g-8936187421043 2026-08-17T00:00:00.000Z daily https://icheck.vn/san-pham/8008957487716 2026-08-17T00:00:00.000Z daily https://icheck.vn/san-pham/0605823747882 2026-08-17T00:00:00.000Z daily https://icheck.vn/san-pham/kusovy-koberec-moderni-broadway-282-edo-hn-dy-kostky-4054293077061 2026-08-17T00:00:00.000Z daily https://icheck.vn/san-pham/6900058330125 2026-08-17T00:00:00.000Z daily https://icheck.vn/san-pham/0192643901674 2026-08-17T00:00:00.000Z daily https://icheck.vn/san-pham/6930158680387 2026-08-17T00:00:00.000Z daily https://icheck.vn/san-pham/4713572103586 2026-08-17T00:00:00.000Z daily https://icheck.vn/san-pham/4005808432356 2026-08-17T00:00:00.000Z daily https://icheck.vn/san-pham/the-saem-eco-soul-skin-wear-foundation-30ml-spf20-pa-c-1-5-8806164148112 2026-08-17T00:00:00.000Z daily https://icheck.vn/san-pham/tony-moly-scent-of-the-day-hand-cream-so-romantic-8806194041025 2026-08-17T00:00:00.000Z daily https://icheck.vn/san-pham/hat-dieu-rang-nuoc-cot-dua-8938528070033 2026-08-17T00:00:00.000Z daily https://icheck.vn/san-pham/passion-price-air-bed-single-black-donki-don-quixote-don-quixote-don-quijote-rakuten-ichiba-4983771080074 2026-08-17T00:00:00.000Z daily https://icheck.vn/san-pham/screen-hair-restoration-shampoo-with-pomegranate-extract-8034077352689 2026-08-17T00:00:00.000Z daily https://icheck.vn/san-pham/250ml-baokang-qinyun-thermos-cup-bko-110-025-6971076310048 2026-08-17T00:00:00.000Z daily https://icheck.vn/san-pham/tinh-dau-tram-hue-8938526887077 2026-08-17T00:00:00.000Z daily https://icheck.vn/san-pham/4562133680048 2026-08-17T00:00:00.000Z daily https://icheck.vn/san-pham/sensitive-foamy-shaving-cream-10047400241456 2026-08-17T00:00:00.000Z daily https://icheck.vn/san-pham/binh-nong-lanh-casper-ep-45th11-bom-tro-luc-8857125881722 2026-08-17T00:00:00.000Z daily https://icheck.vn/san-pham/kevin-murphy-balancing-wash-33-8oz-9339341000433 2026-08-17T00:00:00.000Z daily https://icheck.vn/san-pham/40-g-of-rossi-baby-vaseline-4936201101535 2026-08-17T00:00:00.000Z daily https://icheck.vn/san-pham/levi-s-505-regular-fit-light-wash-denim-blue-jeans-mens-w33-x-l32-100-cotton-0889812115986 2026-08-17T00:00:00.000Z daily https://icheck.vn/san-pham/9556113900085 2026-08-17T00:00:00.000Z daily https://icheck.vn/san-pham/8850419081938 2026-08-17T00:00:00.000Z daily https://icheck.vn/san-pham/8938501868282 2026-08-17T00:00:00.000Z daily https://icheck.vn/san-pham/0043774022588 2026-08-17T00:00:00.000Z daily https://icheck.vn/san-pham/8935281738194 2026-08-17T00:00:00.000Z daily https://icheck.vn/san-pham/danquan-15-nam-nuoc-sot-chen-huong-53-do-500ml-hop-6-hop-mieng-6923577289736 2026-08-17T00:00:00.000Z daily https://icheck.vn/san-pham/8858910617694 2026-08-17T00:00:00.000Z daily https://icheck.vn/san-pham/adidas-sapatilhas-pod-s3-1-db2929-4060509124917 2026-08-17T00:00:00.000Z daily https://icheck.vn/san-pham/bishutong-6971449460691 2026-08-17T00:00:00.000Z daily https://icheck.vn/san-pham/8590421038642 2026-08-17T00:00:00.000Z daily https://icheck.vn/san-pham/tonymoly-bio-ex-cell-peptide-ampoule-5ml-x28ea-korea-beauty-8806194022314 2026-08-17T00:00:00.000Z daily https://icheck.vn/san-pham/optoma-w341-3d-dlp-projector-720p-hdtv-16-10-ceiling-front-195-w-5000-hour-normal-mode-6000-hour-economy-0796435440107 2026-08-17T00:00:00.000Z daily https://icheck.vn/san-pham/serum-tri-nam-tan-nhang-melasma-15ml-8938529832005 2026-08-17T00:00:00.000Z daily https://icheck.vn/san-pham/subaru-gold-15w40-api-sl-dau-dong-co-xe-may-4-thi-chai-nhua-1-lit-8936178710026 2026-08-17T00:00:00.000Z daily https://icheck.vn/san-pham/tommy-hilfiger-black-white-textured-th-logo-jacquard-pvc-0719220633973 2026-08-17T00:00:00.000Z daily https://icheck.vn/san-pham/compliment-cryoeffect-micropilling-renewing-for-the-face-neck-and-decollete-area-with-plant-peptides-4620010799518 2026-08-17T00:00:00.000Z daily https://icheck.vn/san-pham/6931386408262 2026-08-17T00:00:00.000Z daily https://icheck.vn/san-pham/4260460828378 2026-08-17T00:00:00.000Z daily https://icheck.vn/san-pham/dam-sat-nach-phoi-day-no-denim-sleeveless-denim-dress-a8050-xs-s-8935302900012 2026-08-17T00:00:00.000Z daily https://icheck.vn/san-pham/0011822375573 2026-08-17T00:00:00.000Z daily https://icheck.vn/san-pham/victoria-s-secret-very-sexy-now-bikini-bag-0667547205468 2026-08-17T00:00:00.000Z daily https://icheck.vn/san-pham/0840041700091 2026-08-17T00:00:00.000Z daily https://icheck.vn/san-pham/6922243368119 2026-08-17T00:00:00.000Z daily https://icheck.vn/san-pham/6941059625605 2026-08-17T00:00:00.000Z daily https://icheck.vn/san-pham/6943396398396 2026-08-17T00:00:00.000Z daily https://icheck.vn/san-pham/6949185210016 2026-08-17T00:00:00.000Z daily https://icheck.vn/san-pham/0310539039243 2026-08-17T00:00:00.000Z daily https://icheck.vn/san-pham/4905741842222 2026-08-17T00:00:00.000Z daily https://icheck.vn/san-pham/0802264251606 2026-08-17T00:00:00.000Z daily https://icheck.vn/san-pham/8809270476186 2026-08-17T00:00:00.000Z daily https://icheck.vn/san-pham/8850203908540 2026-08-17T00:00:00.000Z daily https://icheck.vn/san-pham/8806164164952 2026-08-17T00:00:00.000Z daily https://icheck.vn/san-pham/bingju-vitamin-c-mask-6940824157105 2026-08-17T00:00:00.000Z daily https://icheck.vn/san-pham/0343598436012 2026-08-17T00:00:00.000Z daily https://icheck.vn/san-pham/comfort-concentrate-liquid-laundry-detergent-darling-clean-1500-g-8851932405713 2026-08-17T00:00:00.000Z daily https://icheck.vn/san-pham/kem-duong-da-va-giam-nep-nhan-mat-loreal-revitalift-magic-blur-15ml-3600522628231 2026-08-17T00:00:00.000Z daily https://icheck.vn/san-pham/beloderm-kem-0-05-40-g-3850343001144 2026-08-17T00:00:00.000Z daily https://icheck.vn/san-pham/william-saurin-pack-3x1-10-pate-jambon-william-saurin-3038355724538 2026-08-17T00:00:00.000Z daily https://icheck.vn/san-pham/oddwave-life-is-a-joke-by-hadra-on-psyshop-cd-5060376222104 2026-08-17T00:00:00.000Z daily https://icheck.vn/san-pham/8801237754887 2026-08-17T00:00:00.000Z daily https://icheck.vn/san-pham/master-kim-hot-spicy-potato-stick-80g-9555798802134 2026-08-17T00:00:00.000Z daily https://icheck.vn/san-pham/8808033012371 2026-08-17T00:00:00.000Z daily https://icheck.vn/san-pham/4710057193629 2026-08-17T00:00:00.000Z daily https://icheck.vn/san-pham/6953787381746 2026-08-17T00:00:00.000Z daily https://icheck.vn/san-pham/4991348006679 2026-08-17T00:00:00.000Z daily https://icheck.vn/san-pham/8809410038304 2026-08-17T00:00:00.000Z daily https://icheck.vn/san-pham/sneakers-pod-s3-1-w-by-adidas-originals-4059814947786 2026-08-17T00:00:00.000Z daily https://icheck.vn/san-pham/bai-tap-toan-cao-cap-tap-mot-9786040038302 2026-08-17T00:00:00.000Z daily https://icheck.vn/san-pham/casio-edifice-efv-580d-1av-efv-580-watch-4549526210716 2026-08-17T00:00:00.000Z daily https://icheck.vn/san-pham/nike-nike-bieu-tuong-can-thiet-ao-thun-ngan-tay-bv6170-629su19-lady-s-0192500428993 2026-08-17T00:00:00.000Z daily https://icheck.vn/san-pham/aveeno-positively-mineral-sensitive-skin-sunscreen-2-oz-spf-50-zinc-oxide-0381371026432 2026-08-17T00:00:00.000Z daily https://icheck.vn/san-pham/8809339064651 2026-08-17T00:00:00.000Z daily https://icheck.vn/san-pham/chilli-sauce-330g-8852391050094 2026-08-17T00:00:00.000Z daily https://icheck.vn/san-pham/8934582006759 2026-08-17T00:00:00.000Z daily https://icheck.vn/san-pham/8801046310885 2026-08-17T00:00:00.000Z daily https://icheck.vn/san-pham/8935132516940 2026-08-17T00:00:00.000Z daily https://icheck.vn/san-pham/elements-renewing-boyal-y-pranm-sa-kremi-1000-ml-4084500125735 2026-08-17T00:00:00.000Z daily https://icheck.vn/san-pham/8936089665668 2026-08-17T00:00:00.000Z daily https://icheck.vn/san-pham/4060518499426 2026-08-17T00:00:00.000Z daily https://icheck.vn/san-pham/dr-ci-labo-aqua-collagen-5000-4524734123096 2026-08-17T00:00:00.000Z daily https://icheck.vn/san-pham/nederburg-56-hundred-cabernet-sauvignon-750ml-6001108065087 2026-08-17T00:00:00.000Z daily https://icheck.vn/san-pham/6902364535928 2026-08-17T00:00:00.000Z daily https://icheck.vn/san-pham/but-chi-bam-artline-ek-7050-do-4974052828379 2026-08-17T00:00:00.000Z daily https://icheck.vn/san-pham/8936043811899 2026-08-17T00:00:00.000Z daily https://icheck.vn/san-pham/quan-ao-the-thao-nam-tay-ngan-ao-phong-chuc-nang-nike-dri-fit-0191888153299 2026-08-17T00:00:00.000Z daily https://icheck.vn/san-pham/0801656005636 2026-08-17T00:00:00.000Z daily https://icheck.vn/san-pham/6940867600897 2026-08-17T00:00:00.000Z daily https://icheck.vn/san-pham/viviscal-densifying-elixir-0852135004602 2026-08-17T00:00:00.000Z daily https://icheck.vn/san-pham/8935270916411 2026-08-17T00:00:00.000Z daily https://icheck.vn/san-pham/893605364 2026-08-17T00:00:00.000Z daily https://icheck.vn/san-pham/4936424980146 2026-08-17T00:00:00.000Z daily https://icheck.vn/san-pham/8805545125827 2026-08-17T00:00:00.000Z daily https://icheck.vn/san-pham/gift-set-marc-jacobs-daisy-edp-3614223243365 2026-08-17T00:00:00.000Z daily https://icheck.vn/san-pham/5031416060482 2026-08-17T00:00:00.000Z daily https://icheck.vn/san-pham/8809107715419 2026-08-17T00:00:00.000Z daily https://icheck.vn/san-pham/3m-400-series-securefit-protective-eyewear-with-gr-0078371662127 2026-08-17T00:00:00.000Z daily https://icheck.vn/san-pham/sao-hai-vuong-6937928100144 2026-08-17T00:00:00.000Z daily https://icheck.vn/san-pham/ruou-yalong-muyang-44-do-250ml-6946841320010 2026-08-17T00:00:00.000Z daily https://icheck.vn/san-pham/giat-luoi-sp-chan-luoi-cho-khan-tam-1-to-4901983223560 2026-08-17T00:00:00.000Z daily https://icheck.vn/san-pham/8712800174189 2026-08-17T00:00:00.000Z daily https://icheck.vn/san-pham/6907130110187 2026-08-17T00:00:00.000Z daily https://icheck.vn/san-pham/-new-panasonic-rf-800u-am-fm-sw-shortwave-usb-portable-radio-8887549486609 2026-08-17T00:00:00.000Z daily https://icheck.vn/san-pham/8859466833361 2026-08-17T00:00:00.000Z daily https://icheck.vn/san-pham/2-nyx-full-coverage-concealer-cj08-8-espresso-0800897060008 2026-08-17T00:00:00.000Z daily https://icheck.vn/san-pham/mk-yunker-d2-50ml-3-duoc-pham-loai-2-4987316051185 2026-08-17T00:00:00.000Z daily https://icheck.vn/san-pham/8938506900512 2026-08-17T00:00:00.000Z daily https://icheck.vn/san-pham/0692427262088 2026-08-17T00:00:00.000Z daily https://icheck.vn/san-pham/chia-seeds-200g-4038507005606 2026-08-17T00:00:00.000Z daily https://icheck.vn/san-pham/adidas-game-court-woman-white-shock-cyan-2019-4060514024257 2026-08-17T00:00:00.000Z daily https://icheck.vn/san-pham/6934858842335 2026-08-17T00:00:00.000Z daily https://icheck.vn/san-pham/hokkaido-adzuki-bean-milk-80-g-candy-4902435010370 2026-08-17T00:00:00.000Z daily https://icheck.vn/san-pham/shimano-sedona-6000-fi-spinning-fishing-reel-hagane-gear-model-2017-se6000fi-0022255213011 2026-08-17T00:00:00.000Z daily https://icheck.vn/san-pham/6941349317593 2026-08-17T00:00:00.000Z daily https://icheck.vn/san-pham/6923319105225 2026-08-17T00:00:00.000Z daily https://icheck.vn/san-pham/lanvigator-mile-max-6924064102736 2026-08-17T00:00:00.000Z daily https://icheck.vn/san-pham/adidas-prophere-ftw-white-ftw-white-crystal-white-4059811779632 2026-08-17T00:00:00.000Z daily https://icheck.vn/san-pham/0888462815246 2026-08-17T00:00:00.000Z daily https://icheck.vn/san-pham/8858848901193 2026-08-17T00:00:00.000Z daily https://icheck.vn/san-pham/4938125176064 2026-08-17T00:00:00.000Z daily https://icheck.vn/san-pham/0713733270724 2026-08-17T00:00:00.000Z daily https://icheck.vn/san-pham/0193103470679 2026-08-17T00:00:00.000Z daily https://icheck.vn/san-pham/k-brothers-soap-for-black-spot-mask-on-face-50-g-8858868300532 2026-08-17T00:00:00.000Z daily https://icheck.vn/san-pham/cal-a-nike-sportswear-928002-011-0888408703835 2026-08-17T00:00:00.000Z daily https://icheck.vn/san-pham/tra-lai-tet-lon-thiec-100gr-8936106610275 2026-08-17T00:00:00.000Z daily https://icheck.vn/san-pham/4937224966644 2026-08-17T00:00:00.000Z daily https://icheck.vn/san-pham/6971577950026 2026-08-17T00:00:00.000Z daily https://icheck.vn/san-pham/6931529481015 2026-08-17T00:00:00.000Z daily https://icheck.vn/san-pham/mushroom-wisdom-maitake-d-fraction-pro-4x-60-ml-0791014107211 2026-08-17T00:00:00.000Z daily https://icheck.vn/san-pham/4897091461638 2026-08-17T00:00:00.000Z daily https://icheck.vn/san-pham/exclusif-parfums-de-marly-delina-2-5-eau-de-parfum-spray-for-women-3700578522009 2026-08-17T00:00:00.000Z daily https://icheck.vn/san-pham/coi-cc12-8938524768293 2026-08-17T00:00:00.000Z daily https://icheck.vn/san-pham/michael-kors-men-s-jet-set-bifold-6-pocket-wallet-black-0191934843495 2026-08-17T00:00:00.000Z daily https://icheck.vn/san-pham/6931590362398 2026-08-17T00:00:00.000Z daily https://icheck.vn/san-pham/0193394084845 2026-08-17T00:00:00.000Z daily https://icheck.vn/san-pham/6953899355222 2026-08-17T00:00:00.000Z daily https://icheck.vn/san-pham/8852510751840 2026-08-17T00:00:00.000Z daily https://icheck.vn/san-pham/kem-duong-da-sieu-cap-sk-ii-masterpiece-pitera-cream-50g-4979006067163 2026-08-17T00:00:00.000Z daily https://icheck.vn/san-pham/4510579023905 2026-08-17T00:00:00.000Z daily https://icheck.vn/san-pham/0051739000069 2026-08-17T00:00:00.000Z daily https://icheck.vn/san-pham/8992775320648 2026-08-17T00:00:00.000Z daily https://icheck.vn/san-pham/bonny-torroncini-morbidi-assortiti-ricoperti-di-cioccolato-fondente-e-bianco-gr-250-8002325021724 2026-08-17T00:00:00.000Z daily https://icheck.vn/san-pham/dial-coconut-water-glycerin-bar-soap-4-oz-6-count-0017000113043 2026-08-17T00:00:00.000Z daily https://icheck.vn/san-pham/tyroya-605-ladies-perfume-50ml2681-6949968802681 2026-08-17T00:00:00.000Z daily https://icheck.vn/san-pham/kem-duong-da-kem-duong-am-sua-rua-mat-q2533-6922807482954 2026-08-17T00:00:00.000Z daily https://icheck.vn/san-pham/hat-dieu-vo-lua-tron-350g-30h-t-8938528224375 2026-08-17T00:00:00.000Z daily https://icheck.vn/san-pham/6971579372185 2026-08-17T00:00:00.000Z daily https://icheck.vn/san-pham/nissin-i-pasta-italian-seafood-flavor-95g-12-cup-of-snack-food-investment-agent-wholesale-purchasing-6917536060030 2026-08-17T00:00:00.000Z daily https://icheck.vn/san-pham/4062051480060 2026-08-17T00:00:00.000Z daily https://icheck.vn/san-pham/herbal-clove-coconut-toothpaste-limestone-anti-bacteria-whitening-fresh-breath-8858845315825 2026-08-17T00:00:00.000Z daily https://icheck.vn/san-pham/0070529000072 2026-08-17T00:00:00.000Z daily https://icheck.vn/san-pham/dau-te-bao-kokuyo-chinh-ta-700mm-mau-nau-sam-loai-dai-20-tsu-157-4901480424293 2026-08-17T00:00:00.000Z daily https://icheck.vn/san-pham/591397-nordic-beech-wood-chopsticks-5-pairs-4714398591397 2026-08-17T00:00:00.000Z daily https://icheck.vn/san-pham/727-koso-lotion-sp-4940476149062 2026-08-17T00:00:00.000Z daily https://icheck.vn/san-pham/727-quante-face-up-liquid-4940476112479 2026-08-17T00:00:00.000Z daily https://icheck.vn/san-pham/2in1-camou-make-up-concealer-030-30-ml-4010355229755 2026-08-17T00:00:00.000Z daily https://icheck.vn/san-pham/52-moutai-town-collection-100-500ml-6927657602262 2026-08-17T00:00:00.000Z daily https://icheck.vn/san-pham/-happy-bath-siam-aroma-oil-body-wash-650ml-8809608305171 2026-08-17T00:00:00.000Z daily https://icheck.vn/san-pham/8992112037024 2026-08-17T00:00:00.000Z daily https://icheck.vn/san-pham/natures-way-slimright-shake-strawberry-375g-9314807060787 2026-08-17T00:00:00.000Z daily https://icheck.vn/san-pham/6900397595704 2026-08-17T00:00:00.000Z daily https://icheck.vn/san-pham/6970260310291 2026-08-17T00:00:00.000Z daily https://icheck.vn/san-pham/8935269801681 2026-08-17T00:00:00.000Z daily https://icheck.vn/san-pham/3348901432894 2026-08-17T00:00:00.000Z daily https://icheck.vn/san-pham/yamaha-synthetic-regular-valve-oil-60ml-4957812609319 2026-08-17T00:00:00.000Z daily https://icheck.vn/san-pham/8803328506962 2026-08-17T00:00:00.000Z daily https://icheck.vn/san-pham/6938341850159 2026-08-17T00:00:00.000Z daily https://icheck.vn/san-pham/893456993020613360 2026-08-17T00:00:00.000Z daily https://icheck.vn/san-pham/6955416270711 2026-08-17T00:00:00.000Z daily https://icheck.vn/san-pham/6903757060331 2026-08-17T00:00:00.000Z daily https://icheck.vn/san-pham/6925346309836 2026-08-17T00:00:00.000Z daily https://icheck.vn/san-pham/equate-6000-series-upper-arm-blood-pressure-monitor-system-0681131247863 2026-08-17T00:00:00.000Z daily https://icheck.vn/san-pham/8809370699881 2026-08-17T00:00:00.000Z daily https://icheck.vn/san-pham/8935020385450 2026-08-17T00:00:00.000Z daily https://icheck.vn/san-pham/8936079160166 2026-08-17T00:00:00.000Z daily https://icheck.vn/san-pham/3660732080120 2026-08-17T00:00:00.000Z daily https://icheck.vn/san-pham/4061622969768 2026-08-17T00:00:00.000Z daily https://icheck.vn/san-pham/8934614182826 2026-08-17T00:00:00.000Z daily https://icheck.vn/san-pham/8008603200034 2026-08-17T00:00:00.000Z daily https://icheck.vn/san-pham/6927296403411 2026-08-17T00:00:00.000Z daily https://icheck.vn/san-pham/may-may-street-art105-4640005570786 2026-08-17T00:00:00.000Z daily https://icheck.vn/san-pham/zonin-primitivo-puglia-igt-75-cl-8002235025539 2026-08-17T00:00:00.000Z daily https://icheck.vn/san-pham/apple-watch-series-5-model-gps-vo-nhom-vang-40mm-4549995097931 2026-08-17T00:00:00.000Z daily https://icheck.vn/san-pham/fontana-balsamic-dressing-270g-8801005924207 2026-08-17T00:00:00.000Z daily https://icheck.vn/san-pham/0044212189276 2026-08-17T00:00:00.000Z daily https://icheck.vn/san-pham/ban-phai-chinese-sausage-260g-8850269020033 2026-08-17T00:00:00.000Z daily https://icheck.vn/san-pham/0855861006087 2026-08-17T00:00:00.000Z daily https://icheck.vn/san-pham/0886895016971 2026-08-17T00:00:00.000Z daily https://icheck.vn/san-pham/0647610371764 2026-08-17T00:00:00.000Z daily https://icheck.vn/san-pham/kem-mun-nano-nghe-cecinic-20ml-8936089074934 2026-08-17T00:00:00.000Z daily https://icheck.vn/san-pham/vi-cumax-plus-8938520455104 2026-08-17T00:00:00.000Z daily https://icheck.vn/san-pham/colantotte-colantotte-vong-co-huy-hieu-r-co-m-47cm-gunmetallic-abapn60m-4523865127447 2026-08-17T00:00:00.000Z daily https://icheck.vn/san-pham/0192643590861 2026-08-17T00:00:00.000Z daily https://icheck.vn/san-pham/4712511425321 2026-08-17T00:00:00.000Z daily https://icheck.vn/san-pham/tarapaca-cabernet-sauvignon-merlot-7804340909565 2026-08-17T00:00:00.000Z daily https://icheck.vn/san-pham/8997879024829 2026-08-17T00:00:00.000Z daily https://icheck.vn/san-pham/hemaros-recto-8594177490549 2026-08-17T00:00:00.000Z daily https://icheck.vn/san-pham/-owicz-apricot-jam-280g-5900397009141 2026-08-17T00:00:00.000Z daily https://icheck.vn/san-pham/collagen-vita-jelly-citron-thach-collagen-thanh-yen-le-pouch-8809041862569 2026-08-17T00:00:00.000Z daily https://icheck.vn/san-pham/6956702911516 2026-08-17T00:00:00.000Z daily https://icheck.vn/san-pham/k-food-seasoned-dried-fish-meat-nutritious-snack-3-pack-8809474130389 2026-08-17T00:00:00.000Z daily https://icheck.vn/san-pham/0010103000050 2026-08-17T00:00:00.000Z daily https://icheck.vn/san-pham/6922489610218 2026-08-17T00:00:00.000Z daily https://icheck.vn/san-pham/4719867241049 2026-08-17T00:00:00.000Z daily https://icheck.vn/san-pham/0844197016624 2026-08-17T00:00:00.000Z daily https://icheck.vn/san-pham/keto-slim-vien-sui-ho-tro-giam-beo-8938529894010 2026-08-17T00:00:00.000Z daily https://icheck.vn/san-pham/8905002001005 2026-08-17T00:00:00.000Z daily https://icheck.vn/san-pham/6292111467337 2026-08-17T00:00:00.000Z daily https://icheck.vn/san-pham/8936111323948 2026-08-17T00:00:00.000Z daily https://icheck.vn/san-pham/4902210315607 2026-08-17T00:00:00.000Z daily https://icheck.vn/san-pham/0042572046017 2026-08-17T00:00:00.000Z daily https://icheck.vn/san-pham/the-body-shop-vanilla-chai-softening-body-gel-lotion-250ml-5028197543037 2026-08-17T00:00:00.000Z daily https://icheck.vn/san-pham/5036401729221 2026-08-17T00:00:00.000Z daily https://icheck.vn/san-pham/thuoc-la-esse-black-8801116002405 2026-08-17T00:00:00.000Z daily https://icheck.vn/san-pham/8809572810268 2026-08-17T00:00:00.000Z daily https://icheck.vn/san-pham/ray-ban-rb2180-tortoise-propionate-red-lenses-8053672926866 2026-08-17T00:00:00.000Z daily https://icheck.vn/san-pham/kem-tan-mo-balea-bodyfit-cellulite-gel-creme-4058172051845 2026-08-17T00:00:00.000Z daily https://icheck.vn/san-pham/6902364967507 2026-08-17T00:00:00.000Z daily https://icheck.vn/san-pham/4902430752404 2026-08-17T00:00:00.000Z daily https://icheck.vn/san-pham/0191693024999 2026-08-17T00:00:00.000Z daily https://icheck.vn/san-pham/7804423003258 2026-08-17T00:00:00.000Z daily https://icheck.vn/san-pham/khoai-tay-chien-1kg-5410376822796 2026-08-17T00:00:00.000Z daily https://icheck.vn/san-pham/8859291407041 2026-08-17T00:00:00.000Z daily https://icheck.vn/san-pham/8801046310878 2026-08-17T00:00:00.000Z daily https://icheck.vn/san-pham/sony-vpl-ew435-720p-3100-lumen-lcd-projector-0027242900103 2026-08-17T00:00:00.000Z daily https://icheck.vn/san-pham/8936046796619 2026-08-17T00:00:00.000Z daily https://icheck.vn/san-pham/0799439306042 2026-08-17T00:00:00.000Z daily https://icheck.vn/san-pham/8935149555420 2026-08-17T00:00:00.000Z daily https://icheck.vn/san-pham/6930044184319 2026-08-17T00:00:00.000Z daily https://icheck.vn/san-pham/rupan-400mg-film-coated-tablets-5290931012158 2026-08-17T00:00:00.000Z daily https://icheck.vn/san-pham/6922243365620 2026-08-17T00:00:00.000Z daily https://icheck.vn/san-pham/4719870844541 2026-08-17T00:00:00.000Z daily https://icheck.vn/san-pham/8850333142777 2026-08-17T00:00:00.000Z daily https://icheck.vn/san-pham/6954496902093 2026-08-17T00:00:00.000Z daily https://icheck.vn/san-pham/8717524081980 2026-08-17T00:00:00.000Z daily https://icheck.vn/san-pham/fuji-power-speed-swivel-fishing-size-m-20kg-can-to-go-through-guide-lrsm-m-4512101984432 2026-08-17T00:00:00.000Z daily https://icheck.vn/san-pham/son-li-son-park-color-cube-air-tint-lip-03-rosy-coral-8801942020116 2026-08-17T00:00:00.000Z daily https://icheck.vn/san-pham/fullerene-protein-bong-mat-na-co-bap-xanh-luc-repair-sua-chua-hydrat-hoa-tinh-the-the-he-chinh-hang-6950954133467 2026-08-17T00:00:00.000Z daily https://icheck.vn/san-pham/yan-ruyu-collagen-peptide-zhiyan-time-mask-mat-na-lua-ngu-chinh-thuc-van-nam-cham-soc-da-van-nam-trang-diem-6949126403576 2026-08-17T00:00:00.000Z daily https://icheck.vn/san-pham/8803348039600 2026-08-17T00:00:00.000Z daily https://icheck.vn/san-pham/8858994455007 2026-08-17T00:00:00.000Z daily https://icheck.vn/san-pham/6903268003209 2026-08-17T00:00:00.000Z daily https://icheck.vn/san-pham/8595249115032 2026-08-17T00:00:00.000Z daily https://icheck.vn/san-pham/8936104202199 2026-08-17T00:00:00.000Z daily https://icheck.vn/san-pham/0015000008857 2026-08-17T00:00:00.000Z daily https://icheck.vn/san-pham/6938033036298 2026-08-17T00:00:00.000Z daily https://icheck.vn/san-pham/5903419112447 2026-08-17T00:00:00.000Z daily https://icheck.vn/san-pham/tr1718-mbk-k-1000000000098 2026-08-17T00:00:00.000Z daily https://icheck.vn/san-pham/00883285870007 2026-08-17T00:00:00.000Z daily https://icheck.vn/san-pham/8934925526616 2026-08-17T00:00:00.000Z daily https://icheck.vn/san-pham/5602147153738 2026-08-17T00:00:00.000Z daily https://icheck.vn/san-pham/6939343200874 2026-08-17T00:00:00.000Z daily https://icheck.vn/san-pham/8851991230097 2026-08-17T00:00:00.000Z daily https://icheck.vn/san-pham/8888047870099 2026-08-17T00:00:00.000Z daily https://icheck.vn/san-pham/8859490080618 2026-08-17T00:00:00.000Z daily https://icheck.vn/san-pham/8934888174473 2026-08-17T00:00:00.000Z daily https://icheck.vn/san-pham/4059323211361 2026-08-17T00:00:00.000Z daily https://icheck.vn/san-pham/sua-chua-de-8936171780057 2026-08-17T00:00:00.000Z daily https://icheck.vn/san-pham/6941335417382 2026-08-17T00:00:00.000Z daily https://icheck.vn/san-pham/3521025000136 2026-08-17T00:00:00.000Z daily https://icheck.vn/san-pham/crocs-men-s-and-women-s-literide-clog-casual-athletic-shoe-0191448122109 2026-08-17T00:00:00.000Z daily https://icheck.vn/san-pham/mieng-bong-pupi-80-mieng-4680005640881 2026-08-17T00:00:00.000Z daily https://icheck.vn/san-pham/juicy-tubes-duo-3605971938610 2026-08-17T00:00:00.000Z daily https://icheck.vn/san-pham/0827167255711 2026-08-17T00:00:00.000Z daily https://icheck.vn/san-pham/6-bulk-pack-520-big-dots-g-spot-stimulating-diameter-1-8-mm-condoms-width-52-mm-6936296772441 2026-08-17T00:00:00.000Z daily https://icheck.vn/san-pham/cao-hac-sam-korean-red-ginseng-jung-ok-seng-go-extract-han-quoc-8809059643389 2026-08-17T00:00:00.000Z daily https://icheck.vn/san-pham/see-s-candies-gold-coins-4-oz-2-count-0737666005338 2026-08-17T00:00:00.000Z daily https://icheck.vn/san-pham/8809285310956 2026-08-17T00:00:00.000Z daily https://icheck.vn/san-pham/labute-revive-the-skin-mask-sheet-8809580420374 2026-08-17T00:00:00.000Z daily https://icheck.vn/san-pham/laneige-x-ych-two-tone-matte-lip-bar-lipstick-no-1-burgundy-mood-amore-korea-8809539450063 2026-08-17T00:00:00.000Z daily https://icheck.vn/san-pham/rotring-isograph-technical-drawing-pen-liquid-ink-23-ml-red-4006856591033 2026-08-17T00:00:00.000Z daily https://icheck.vn/san-pham/laube-cocktail-200-pcs-4033100024764 2026-08-17T00:00:00.000Z daily https://icheck.vn/san-pham/bang-mau-mat-ceria-ac-6-mau-4980299048029 2026-08-17T00:00:00.000Z daily https://icheck.vn/san-pham/siro-cough-di-ung-tieu-viem-8938525052308 2026-08-17T00:00:00.000Z daily https://icheck.vn/san-pham/anti-acne-8938526753198 2026-08-17T00:00:00.000Z daily https://icheck.vn/san-pham/shiseido-erik-seal-white-clear-emulsion-c-repack-business-110-ml-4901872047901 2026-08-17T00:00:00.000Z daily https://icheck.vn/san-pham/regolamento-integrale-del-concorso-8008970049342 2026-08-17T00:00:00.000Z daily https://icheck.vn/san-pham/ruou-vang-do-baron-de-saint-andre-mj95-13-750ml-3760007678455 2026-08-17T00:00:00.000Z daily https://icheck.vn/san-pham/sakura-thu-nho-loc-chan-long-6936805919664 2026-08-17T00:00:00.000Z daily https://icheck.vn/san-pham/tory-burch-love-relentlessly-eau-de-parfum-rollerball-590ml-0022548365458 2026-08-17T00:00:00.000Z daily https://icheck.vn/san-pham/8935086809174 2026-08-17T00:00:00.000Z daily https://icheck.vn/san-pham/6952654170261 2026-08-17T00:00:00.000Z daily https://icheck.vn/san-pham/hdx-5-mil-medium-duty-camo-tarp-10ft-x-12ft-6920058910196 2026-08-17T00:00:00.000Z daily https://icheck.vn/san-pham/8938520459744 2026-08-17T00:00:00.000Z daily https://icheck.vn/san-pham/nivea-men-sensitive-recovery-pena-za-brijanje-200ml-9005800294223 2026-08-17T00:00:00.000Z daily https://icheck.vn/san-pham/nuts-seeds-natures-garden-roasted-hazelnuts-26-oz-snack-foods-0846548071672 2026-08-17T00:00:00.000Z daily https://icheck.vn/san-pham/8809475963306 2026-08-17T00:00:00.000Z daily https://icheck.vn/san-pham/cold-fx-48s-premiers-signes-echina-packaging-of-48-caps-0627207630146 2026-08-17T00:00:00.000Z daily https://icheck.vn/san-pham/nicole-by-opi-nail-color-polish-ni-419-marooned-in-paradise-c285-0619828066862 2026-08-17T00:00:00.000Z daily https://icheck.vn/san-pham/noi-chien-nuong-khong-dau-cao-cap-hsk-395-8936122962037 2026-08-17T00:00:00.000Z daily https://icheck.vn/san-pham/3614225316364 2026-08-17T00:00:00.000Z daily https://icheck.vn/san-pham/kem-tay-long-huong-hoa-hong-dimples-hair-removal-cream-rose-mist-tuyp-50ml-5017371130774 2026-08-17T00:00:00.000Z daily https://icheck.vn/san-pham/corbi-gold-gain-pro-900gr-danh-cho-nguoi-muon-tang-can-can-phuc-hoi-suc-khoe-8938528020038 2026-08-17T00:00:00.000Z daily https://icheck.vn/san-pham/6902902009423 2026-08-17T00:00:00.000Z daily https://icheck.vn/san-pham/0804879603214 2026-08-17T00:00:00.000Z daily https://icheck.vn/san-pham/3614225463679 2026-08-17T00:00:00.000Z daily https://icheck.vn/san-pham/6970735646153 2026-08-17T00:00:00.000Z daily https://icheck.vn/san-pham/jonson-s-baby-oil-100-ml-italy-3574669909211 2026-08-17T00:00:00.000Z daily https://icheck.vn/san-pham/huyet-thanh-giam-rung-toc-yves-rocher-anti-hairloss-intensive-treatment-1-month-4x15ml-phap-3660005700045 2026-08-17T00:00:00.000Z daily https://icheck.vn/san-pham/4007751038197 2026-08-17T00:00:00.000Z daily https://icheck.vn/san-pham/dyeing-eyebrows-self-tanning-eyebrow-4940476448844 2026-08-17T00:00:00.000Z daily https://icheck.vn/san-pham/4059326684650 2026-08-17T00:00:00.000Z daily https://icheck.vn/san-pham/6290281012616 2026-08-17T00:00:00.000Z daily https://icheck.vn/san-pham/6940735439925 2026-08-17T00:00:00.000Z daily https://icheck.vn/san-pham/4044361062617 2026-08-17T00:00:00.000Z daily https://icheck.vn/san-pham/8934803031393 2026-08-17T00:00:00.000Z daily https://icheck.vn/san-pham/8809270601908 2026-08-17T00:00:00.000Z daily https://icheck.vn/san-pham/0889705805567 2026-08-17T00:00:00.000Z daily https://icheck.vn/san-pham/ong-tiem-pha-che-dung-mot-lan-bang-kim-ong-tiem-vo-trung-6903919181218 2026-08-17T00:00:00.000Z daily https://icheck.vn/san-pham/biokill-natural-insecticide-500-ml-8016536010507 2026-08-17T00:00:00.000Z daily https://icheck.vn/san-pham/4987059020738 2026-08-17T00:00:00.000Z daily https://icheck.vn/san-pham/tr7200-bl-cl-k-1000000000096 2026-08-17T00:00:00.000Z daily https://icheck.vn/san-pham/0192340001554 2026-08-17T00:00:00.000Z daily https://icheck.vn/san-pham/napolitaner-hazlenut-wafers-45g-best-imports-8000380101214 2026-08-17T00:00:00.000Z daily https://icheck.vn/san-pham/downy-unstopables-14-8-oz-original-tide-scent-in-wash-scent-booster-0037000754473 2026-08-17T00:00:00.000Z daily https://icheck.vn/san-pham/6946326515795 2026-08-17T00:00:00.000Z daily https://icheck.vn/san-pham/8411244331089 2026-08-17T00:00:00.000Z daily https://icheck.vn/san-pham/syoss-styling-volume-lift-haarspray-mini-4015100207491 2026-08-17T00:00:00.000Z daily https://icheck.vn/san-pham/izipizi-sun-collection-d-navy-blue-3760222625661 2026-08-17T00:00:00.000Z daily https://icheck.vn/san-pham/0084279998244 2026-08-17T00:00:00.000Z daily https://icheck.vn/san-pham/giay-adidas-chinh-thuc-mac-day-adidas-m4t-4060509772637 2026-08-17T00:00:00.000Z daily https://icheck.vn/san-pham/8936024569464 2026-08-17T00:00:00.000Z daily https://icheck.vn/san-pham/bo-thu-nghiem-yamasaki-rasana-haricos-s-4990742211320-tc-4990742211320 2026-08-17T00:00:00.000Z daily https://icheck.vn/san-pham/isana-professional-shampoo-argan-l-pflege-0-60-eur-100-ml-8717163667545 2026-08-17T00:00:00.000Z daily https://icheck.vn/san-pham/4712826682525 2026-08-17T00:00:00.000Z daily https://icheck.vn/san-pham/8504000000388 2026-08-17T00:00:00.000Z daily https://icheck.vn/san-pham/gel-boi-ngoai-da-dr-care-8938524871092 2026-08-17T00:00:00.000Z daily https://icheck.vn/san-pham/nuoc-uong-dong-chai-cool-8938529404011 2026-08-17T00:00:00.000Z daily https://icheck.vn/san-pham/mi-bo-ham-6921555522356 2026-08-17T00:00:00.000Z daily https://icheck.vn/san-pham/8802340248614 2026-08-17T00:00:00.000Z daily https://icheck.vn/san-pham/6970873642840 2026-08-17T00:00:00.000Z daily https://icheck.vn/san-pham/nuoc-giat-bibo-care-3-kg-8938509527570 2026-08-17T00:00:00.000Z daily https://icheck.vn/san-pham/laneige-night-moisturizing-repair-lip-mask-set-berry-20g-4-8809643056038 2026-08-17T00:00:00.000Z daily https://icheck.vn/san-pham/chuot-logitech-m186-6920377901271 2026-08-17T00:00:00.000Z daily https://icheck.vn/san-pham/8885013660050 2026-08-17T00:00:00.000Z daily https://icheck.vn/san-pham/6944787752629 2026-08-17T00:00:00.000Z daily https://icheck.vn/san-pham/8806334367589 2026-08-17T00:00:00.000Z daily https://icheck.vn/san-pham/dong-trung-ha-thao-vinh-gia-nguyen-con-kho-10-lo-hop-8936156650092 2026-08-17T00:00:00.000Z daily https://icheck.vn/san-pham/4549317438381 2026-08-17T00:00:00.000Z daily https://icheck.vn/san-pham/thebalm-hot-mama-shadow-blush-0681619814761 2026-08-17T00:00:00.000Z daily https://icheck.vn/san-pham/finish-super-power-powerball-all-in-1-63-tablet-do-my-ky-obr-je-ilustrativni-4002448123354 2026-08-17T00:00:00.000Z daily https://icheck.vn/san-pham/8809139224279 2026-08-17T00:00:00.000Z daily https://icheck.vn/san-pham/w7-mattenificent-lips-36-s-madame-fifi-buy-online-at-5060406148589 2026-08-17T00:00:00.000Z daily https://icheck.vn/san-pham/8936131442230 2026-08-17T00:00:00.000Z daily https://icheck.vn/san-pham/0884499404002 2026-08-17T00:00:00.000Z daily https://icheck.vn/san-pham/avianto-k850g-4987235024123 2026-08-17T00:00:00.000Z daily https://icheck.vn/san-pham/vigor-milk-baby-gold-400g-8936187421098 2026-08-17T00:00:00.000Z daily https://icheck.vn/san-pham/4714398590352 2026-08-17T00:00:00.000Z daily https://icheck.vn/san-pham/4716140211621 2026-08-17T00:00:00.000Z daily https://icheck.vn/san-pham/4060509354963 2026-08-17T00:00:00.000Z daily https://icheck.vn/san-pham/4806025960024 2026-08-17T00:00:00.000Z daily https://icheck.vn/san-pham/6941243004520 2026-08-17T00:00:00.000Z daily https://icheck.vn/san-pham/4713410990606 2026-08-17T00:00:00.000Z daily https://icheck.vn/san-pham/4932006253837 2026-08-17T00:00:00.000Z daily https://icheck.vn/san-pham/adidasduramo-9-wide-bb7952-nam-4059809027318 2026-08-17T00:00:00.000Z daily https://icheck.vn/san-pham/opd-open-product-data-0321130777052 2026-08-17T00:00:00.000Z daily https://icheck.vn/san-pham/8936125460998 2026-08-17T00:00:00.000Z daily https://icheck.vn/san-pham/jessica-simpson-women-s-j5329-ox-cateye-sunglasses-black-64-mm-0781268722407 2026-08-17T00:00:00.000Z daily https://icheck.vn/san-pham/5057957787381 2026-08-17T00:00:00.000Z daily https://icheck.vn/san-pham/6949302987098 2026-08-17T00:00:00.000Z daily https://icheck.vn/san-pham/built-in-dishwasher-fc-bdw108-9555849700389 2026-08-17T00:00:00.000Z daily https://icheck.vn/san-pham/14902430811399 2026-08-17T00:00:00.000Z daily https://icheck.vn/san-pham/tea-black-princess-cua-nuri-bac-bac-25pac-tutu-4605246011641 2026-08-17T00:00:00.000Z daily https://icheck.vn/san-pham/0884751157141 2026-08-17T00:00:00.000Z daily https://icheck.vn/san-pham/3760062887601 2026-08-17T00:00:00.000Z daily https://icheck.vn/san-pham/893852648700 2026-08-17T00:00:00.000Z daily https://icheck.vn/san-pham/0604142620111 2026-08-17T00:00:00.000Z daily https://icheck.vn/san-pham/8935049811176 2026-08-17T00:00:00.000Z daily https://icheck.vn/san-pham/3168430300507 2026-08-17T00:00:00.000Z daily https://icheck.vn/san-pham/4712134663285 2026-08-17T00:00:00.000Z daily https://icheck.vn/san-pham/6971593770592 2026-08-17T00:00:00.000Z daily https://icheck.vn/san-pham/mvmt-classic-watches-45-mm-men-s-analog-minimalist-watch-0816564027410 2026-08-17T00:00:00.000Z daily https://icheck.vn/san-pham/4061618618960 2026-08-17T00:00:00.000Z daily https://icheck.vn/san-pham/8935224703173 2026-08-17T00:00:00.000Z daily https://icheck.vn/san-pham/6908528039288 2026-08-17T00:00:00.000Z daily https://icheck.vn/san-pham/6919521283974 2026-08-17T00:00:00.000Z daily https://icheck.vn/san-pham/8809306544827 2026-08-17T00:00:00.000Z daily https://icheck.vn/san-pham/keo-toffy-350g-tho-nhi-ki-8697671954422 2026-08-17T00:00:00.000Z daily https://icheck.vn/san-pham/8806334374860 2026-08-17T00:00:00.000Z daily https://icheck.vn/san-pham/xe-day-2-chieu-f0-baby-only-6971029970022 2026-08-17T00:00:00.000Z daily https://icheck.vn/san-pham/8680114762630 2026-08-17T00:00:00.000Z daily https://icheck.vn/san-pham/most-recent-offers-jiaheng-ramada-6922711020068 2026-08-17T00:00:00.000Z daily https://icheck.vn/san-pham/8938509001247 2026-08-17T00:00:00.000Z daily https://icheck.vn/san-pham/sausage-fouet-extra-tm-pit-4607025366669 2026-08-17T00:00:00.000Z daily https://icheck.vn/san-pham/advanced-genifique-serum-115-ml-3614272508866 2026-08-17T00:00:00.000Z daily https://icheck.vn/san-pham/thit-heo-cp-thit-vai-8935058962012 2026-08-17T00:00:00.000Z daily https://icheck.vn/san-pham/tuyet-voi-prime-tint-rouge-be850-kose-4971710276411 2026-08-17T00:00:00.000Z daily https://icheck.vn/san-pham/so-lo-xo-hong-ha-eco-a5-200-trang-4155-8935044541559 2026-08-17T00:00:00.000Z daily https://icheck.vn/san-pham/diptyque-3700431405678-philosykos-eau-de-toilette-spray-3700431405678 2026-08-17T00:00:00.000Z daily https://icheck.vn/san-pham/8935022710847 2026-08-17T00:00:00.000Z daily https://icheck.vn/san-pham/men-tieu-hoa-lactowel-8936086880125 2026-08-17T00:00:00.000Z daily https://icheck.vn/san-pham/nam-dong-trung-ha-thao-hector-say-thang-hoa-lo-5g-8936131430282 2026-08-17T00:00:00.000Z daily https://icheck.vn/san-pham/details-about-biore-cleansing-oil-refill-210ml-4901301299031 2026-08-17T00:00:00.000Z daily https://icheck.vn/san-pham/trai-cay-say-hapufood-200g-8938528224436 2026-08-17T00:00:00.000Z daily https://icheck.vn/san-pham/hat-oc-cho-my-tach-vo-300g-24h-t-8938528224474 2026-08-17T00:00:00.000Z daily https://icheck.vn/san-pham/hat-macca-tay-nguyen-300g-30h-t-8938528224450 2026-08-17T00:00:00.000Z daily https://icheck.vn/san-pham/xit-duong-te-bao-goc-mioskin-8809442165443 2026-08-17T00:00:00.000Z daily https://icheck.vn/san-pham/cao-nuoc-atiso-khong-duong-8936185500177 2026-08-17T00:00:00.000Z daily https://icheck.vn/san-pham/expert-revitalizing-repair-protect-foaming-cleanser-8936188060081 2026-08-17T00:00:00.000Z daily https://icheck.vn/san-pham/dariya-partimecha-flash-bleach-4904651183876 2026-08-17T00:00:00.000Z daily https://icheck.vn/san-pham/8809632882518 2026-08-17T00:00:00.000Z daily https://icheck.vn/san-pham/glucosamine-chondro-tine-120capsules-5055534303665 2026-08-17T00:00:00.000Z daily https://icheck.vn/san-pham/8850203965062 2026-08-17T00:00:00.000Z daily https://icheck.vn/san-pham/logitech-960-001105-brio-4k-ultra-hd-webcam-0097855125620 2026-08-17T00:00:00.000Z daily https://icheck.vn/san-pham/0041700000778 2026-08-17T00:00:00.000Z daily https://icheck.vn/san-pham/8594057638313 2026-08-17T00:00:00.000Z daily https://icheck.vn/san-pham/holly-gout-8936171810068 2026-08-17T00:00:00.000Z daily https://icheck.vn/san-pham/727-quante-make-up-primer-4940476101473 2026-08-17T00:00:00.000Z daily https://icheck.vn/san-pham/giay-chay-bo-nam-adidas-galaxy-3-m-mau-den-cp8815-4059323261359 2026-08-17T00:00:00.000Z daily https://icheck.vn/san-pham/8934588873053 2026-08-17T00:00:00.000Z daily https://icheck.vn/san-pham/0631620778347 2026-08-17T00:00:00.000Z daily https://icheck.vn/san-pham/winton-road-barossa-valley-shiraz-750ml-ea-red-wine-origin-australia-9313938009948 2026-08-17T00:00:00.000Z daily https://icheck.vn/san-pham/0886548235940 2026-08-17T00:00:00.000Z daily https://icheck.vn/san-pham/adidas-core-training-jack-kids-4059322449079 2026-08-17T00:00:00.000Z daily https://icheck.vn/san-pham/4582419531857 2026-08-17T00:00:00.000Z daily https://icheck.vn/san-pham/xuong-cay-va-gion-va-cac-dai-cay-nho-1-mieng-4-goi-lon-50-goi-nho-6958486500375 2026-08-17T00:00:00.000Z daily https://icheck.vn/san-pham/8809311911515 2026-08-17T00:00:00.000Z daily https://icheck.vn/san-pham/00193145685260 2026-08-17T00:00:00.000Z daily https://icheck.vn/san-pham/4965534153614 2026-08-17T00:00:00.000Z daily https://icheck.vn/san-pham/4713435410226 2026-08-17T00:00:00.000Z daily https://icheck.vn/san-pham/8936072917187 2026-08-17T00:00:00.000Z daily https://icheck.vn/san-pham/quan-tat-terri-nicol-fine-tights-5905097222234 2026-08-17T00:00:00.000Z daily https://icheck.vn/san-pham/6925713407257 2026-08-17T00:00:00.000Z daily https://icheck.vn/san-pham/6971998280092 2026-08-17T00:00:00.000Z daily https://icheck.vn/san-pham/phytomer-hydra-melting-massage-cream-250ml-8-4oz-salon-size-3530019001837 2026-08-17T00:00:00.000Z daily https://icheck.vn/san-pham/6971410556309 2026-08-17T00:00:00.000Z daily https://icheck.vn/san-pham/6970965990217 2026-08-17T00:00:00.000Z daily https://icheck.vn/san-pham/8938510368742 2026-08-17T00:00:00.000Z daily https://icheck.vn/san-pham/0190199227903 2026-08-17T00:00:00.000Z daily https://icheck.vn/san-pham/jack-link-s-original-beef-jerky-255g-made-in-new-zealand-the-jumbo-pack-9421013444178 2026-08-17T00:00:00.000Z daily https://icheck.vn/san-pham/innovixlabs-triple-strength-concentrated-fish-oil-900-mg-omega-3-0794504487565 2026-08-17T00:00:00.000Z daily https://icheck.vn/san-pham/8859441626346 2026-08-17T00:00:00.000Z daily https://icheck.vn/san-pham/6970116403832 2026-08-17T00:00:00.000Z daily https://icheck.vn/san-pham/vigor-milk-ensure-gold-8936187421074 2026-08-17T00:00:00.000Z daily https://icheck.vn/san-pham/garnier-skinactive-sensitive-anti-blemish-toner-200ml-3600542010375 2026-08-17T00:00:00.000Z daily https://icheck.vn/san-pham/champagne-brut-mo-t-imperial-150-years-edition-3185370675465 2026-08-17T00:00:00.000Z daily https://icheck.vn/san-pham/8936092566761 2026-08-17T00:00:00.000Z daily https://icheck.vn/san-pham/8936072919600 2026-08-17T00:00:00.000Z daily https://icheck.vn/san-pham/nicotinamide-24k-facial-mask-use-water-moisture-mild-care-balance-water-and-oil-sleep-facial-mask-skin-care-products-6941349321071 2026-08-17T00:00:00.000Z daily https://icheck.vn/san-pham/sua-tam-tinh-chat-sua-de-familiar-huong-pansy-s-love-1-2-lit-8935020050198 2026-08-17T00:00:00.000Z daily https://icheck.vn/san-pham/bong-tam-4571104435617 2026-08-17T00:00:00.000Z daily https://icheck.vn/san-pham/creme-hydratante-bebe-20ml-3537090017047 2026-08-17T00:00:00.000Z daily https://icheck.vn/san-pham/edding-751-bullet-tip-paint-marker-fine-black-pack-of-10-4-751001-4004764440924 2026-08-17T00:00:00.000Z daily https://icheck.vn/san-pham/keo-cuon-vidal-rolla-belta-rainbow-vi-dau-19gr-8413178206754 2026-08-17T00:00:00.000Z daily https://icheck.vn/san-pham/bo-nao-sako-8935299100013 2026-08-17T00:00:00.000Z daily https://icheck.vn/san-pham/essliver-forte-capsules-50-pcs-8901135000779 2026-08-17T00:00:00.000Z daily https://icheck.vn/san-pham/corbi-gold-grow-iq-900gr-danh-cho-tre-1-den-17-tuoi-tre-can-phat-trien-chieu-cao-8938528020045 2026-08-17T00:00:00.000Z daily https://icheck.vn/san-pham/kim-mo-qua-kem-chuc-nang-tuoc-no-vit-fujiya-trusco-viet-4952520853016 2026-08-17T00:00:00.000Z daily https://icheck.vn/san-pham/ca-phe-muoi-hoa-tan-3in1-8938512404059 2026-08-17T00:00:00.000Z daily https://icheck.vn/san-pham/0193624540318 2026-08-17T00:00:00.000Z daily https://icheck.vn/san-pham/700-ml-of-medical-yomeishu-4987236000072 2026-08-17T00:00:00.000Z daily https://icheck.vn/san-pham/bia-tuoi-hkbeco-chai-nhua-1000ml-8938519451179 2026-08-17T00:00:00.000Z daily https://icheck.vn/san-pham/warsteiner-pils-5-l-party-box-4-8-vol-4000856003275 2026-08-17T00:00:00.000Z daily https://icheck.vn/san-pham/kem-danh-rang-colgate-optic-white-clean-mint-paste-119g-0035000458360 2026-08-17T00:00:00.000Z daily https://icheck.vn/san-pham/xit-thom-quan-ao-han-quoc-250ml-8809693270002 2026-08-17T00:00:00.000Z daily https://icheck.vn/san-pham/eloge-serum-duong-trang-da-thao-duoc-20ml-8938525971371 2026-08-17T00:00:00.000Z daily https://icheck.vn/san-pham/may-tinh-hoc-sinh-casio-fx-570vn-plus-new-4549526608810 2026-08-17T00:00:00.000Z daily https://icheck.vn/san-pham/bong-ray-tai-yoyo-baby-200-que-dang-hu-8938527175234 2026-08-17T00:00:00.000Z daily https://icheck.vn/san-pham/dong-trung-ha-thao-8938529722009 2026-08-17T00:00:00.000Z daily https://icheck.vn/san-pham/8936009642243 2026-08-17T00:00:00.000Z daily https://icheck.vn/san-pham/30095247153481 2026-08-17T00:00:00.000Z daily https://icheck.vn/san-pham/ngoc-trai-trang-moi-churacos-queen-sr-25g-4589402840026 2026-08-17T00:00:00.000Z daily https://icheck.vn/san-pham/son-noi-that-cao-cap-sieu-trang-8938525970060 2026-08-17T00:00:00.000Z daily https://icheck.vn/san-pham/flexvita-50-vien-8938520881125 2026-08-17T00:00:00.000Z daily https://icheck.vn/san-pham/giay-ve-sinh-truong-long-moi-0-9kg-8936069970065 2026-08-17T00:00:00.000Z daily https://icheck.vn/san-pham/8935231140107 2026-08-17T00:00:00.000Z daily https://icheck.vn/san-pham/6291106141351 2026-08-17T00:00:00.000Z daily https://icheck.vn/san-pham/calci-nano-aquamin-f-8938529218052 2026-08-17T00:00:00.000Z daily https://icheck.vn/san-pham/8935107201222 2026-08-17T00:00:00.000Z daily https://icheck.vn/san-pham/l-oreal-infallible-pro-glow-powder-0071249349083 2026-08-17T00:00:00.000Z daily https://icheck.vn/san-pham/golden-rose-rich-color-nagellak-154-8691190544737 2026-08-17T00:00:00.000Z daily https://icheck.vn/san-pham/thuc-pham-bao-ve-suc-khoe-calci-kal-8938512573205 2026-08-17T00:00:00.000Z daily https://icheck.vn/san-pham/nuoc-uong-giai-khat-redball-8938509596224 2026-08-17T00:00:00.000Z daily https://icheck.vn/san-pham/iam-lip-sugar-scrub-san-pham-duong-den-tay-te-bao-chet-10g-8852660626746 2026-08-17T00:00:00.000Z daily https://icheck.vn/san-pham/san-pham-dinh-duong-biostime-lait-bio-1-800g-3700763535692 2026-08-17T00:00:00.000Z daily https://icheck.vn/san-pham/16-5cm-y-085-gmd0402-with-200-yanagi-products-wooden-mudler-4902465401124 2026-08-17T00:00:00.000Z daily https://icheck.vn/san-pham/kem-chong-nang-vat-ly-30g-8938529604145 2026-08-17T00:00:00.000Z daily https://icheck.vn/san-pham/bang-ve-sinh-gyno-girl-hang-ngay-155mm-4715093204636 2026-08-17T00:00:00.000Z daily,[],,Thailand,"[""mui""]",https://icheck.vn/sitemap/products/products-183.xml,icheck.vn,60,,1
6298976600681,EAN13,United Arab Emirates,Syriana virgin olive oil 1 liter,Syriana,,[],https://www.alrawdha-ind.com/api/media-assets/26842f4c-732d-4165-ba34-3c154cfac186,United Arab Emirates,[],https://www.alrawdha-ind.com/ar/products/syriana-virgin-olive-oil-1-l,alrawdha-ind.com,160,,2
4589449330016,EAN13,Japan,White Almond Chocolate,REIKA JAPAN,Ingredients / Materials,[],https://image.dokodemo.world/catalog-skus/9015929/4ce9ad513290cc04a09c29baa0ab6951.jpeg?d=200x0,Japan,[],https://dokodemo.world/en/item/1903886/,dokodemo.world,160,,1
4901515008726,EAN13,Japan,,,"Ingredients: Soy sauce (contains soybeans and wheat) (domestically produced), high-fructose corn syrup, sugar, garlic, salt, onion, brewed vinegar, miso, fructose corn syrup, garlic extract, garlic powder (contains dairy ingredients), flavoring oil (contains soybeans and sesame), spices, wheat fermented seasoning, yeast extract/alcohol, thickening agent (modified starch, thickening polysaccharide), spice extract",[],,Japan,[],https://www.amazon.co.jp/%E3%82%AD%E3%83%83%E3%82%B3%E3%83%BC%E3%83%9E%E3%83%B3%E9%A3%9F%E5%93%81-%E3%82%8F%E3%81%8C%E5%AE%B6%E3%81%AF%E7%84%BC%E8%82%89%E5%B1%8B%E3%81%95%E3%82%93-%E7%84%A6%E3%81%8C%E3%81%97%E3%81%AB%E3%82%93%E3%81%AB%E3%81%8F-400%EF%BD%87/dp/B09TDSWNFQ,amazon.co.jp,60,,5
4903020005894,EAN13,Japan,ヤガイ おやつカルパス 3.4g 30コ入り 2026/01/26発売 (4903020005894),,,[],https://item-shopping.c.yimg.jp/i/l/okashinomarch_4903020005894_i_20260125235809,Japan,[],https://store.shopping.yahoo.co.jp/okashinomarch/4903020005894.html,store.shopping.yahoo.co.jp,160,,1
8904145911509,EAN13,India,Ensure plus powder vanilla flavor 400g jar - WELLNESS PRO,,,[],https://ugwellnesspro.com/wp-content/uploads/2023/05/203302-768x1024.jpg,India,[],https://ugwellnesspro.com/product/ensure-plus-vanilla-flavor-400g-jar/,ugwellnesspro.com,160,,2
6974648640420,EAN13,China,,,,[],,China,[],https://s.taobao.com/search?q=6974648640420,s.taobao.com,60,,1
4901551161751,EAN13,Japan,110 yen Kracie Chupa Chups Sour Tube Long Gummy [1 box of 20 pieces]: Online shopping for candy and sweets | Wholesaler Mikami Online Shop,,,[],https://makeshop-multi-images.akamaized.net/gmosp1173/itemimages/000000008867_4WHx625.jpg,Japan,[],https://www.dagashi-ya.jp/view/item/000000008867,dagashi-ya.jp,60,,1
8888202026859,EAN13,Singapore,ENCHANTEUR ALLURING ROLL-ON 50ML,Enchanteur,,[],https://arysahulatbazar.pk/wp-content/uploads/2024/01/61B5eCyn34L.jpg,Singapore,[],https://arysahulatbazar.pk/product/enchanteur-alluring-roll-on-50ml/,arysahulatbazar.pk,160,,2
8850987142338,EAN13,Thailand,8850987142338 - Best prices & promotions | Lazada Thailand,,,[],,Thailand,[],https://www.lazada.co.th/catalog/?q=8850987142338,lazada.co.th,60,,1
4977856207142,EAN13,Japan,,,,[],,Japan,[],https://www.amazon.co.jp/s?k=4977856207142#skippedLink,amazon.co.jp,60,,2
6297000189437,EAN13,United Arab Emirates,Manchester – HQ – extra,,"Incomplete or incorrect information? Category, labels, ingredients, allergens, nutritional information, photos etc. If the information does not match the information on the packaging, you can complete or correct it. Thank you!
                Open Food Facts is a collaborative database, and every contribution is useful for all. Complete or correct product information If you want to report vandalism, inappropriate content or erroneous data you can't fix yourself, report it to our moderators team. Report this product to our moderators",[],https://static.openproductsfacts.org/images/logos/opf-logo-vertical-white-social-media-preview.png,United Arab Emirates,[],https://world.openproductsfacts.org/product/6297000189437/manchester-hq,world.openproductsfacts.org,60,,3
6131548000161,EAN13,Algeria,cigarettes,lucky strike,,[],https://images.openproductsfacts.org/images/products/613/154/800/0161/front_fr.4.400.jpg,Algérie,[],https://world.openproductsfacts.org/api/v2/product/6131548000161.json,OpenProductsFacts,100,,1
9555693805438,EAN13,Malaysia,9555693805438 - Harga Terbaik & Tawaran | Lazada Malaysia,,,[],,Malaysia,[],https://www.lazada.com.my/catalog/?q=9555693805438,lazada.com.my,60,,1
6934209100374,EAN13,China,,,,[],,China,[],https://s.taobao.com/search?q=6934209100374,s.taobao.com,60,,1
620514019970,UPC_A,United States / Canada,National Foods Jelly Crystal - Mango 2.82 oz (80g) | Quick & Easy Jello | Preservative Free | Sweet & Tasty Treat | Box Pack (Pack of 20),National,,[],https://i5.walmartimages.com/asr/95469abc-cffb-467c-808d-3cae093690e2.31a88a922beaf1313124dccac105f28e.jpeg?odnHeight=450&odnWidth=450&odnBg=ffffff,United States / Canada,[],https://api.upcitemdb.com/prod/trial/lookup?upc=0620514019970,UPCitemdb,100,high,1
5036606497703,EAN13,United Kingdom,Farm Foods Ice Cream Chocolate Wafers 4 Xl,Farm Foods,"Scan barcode, see ingredient and explore Halal products instantly.",[],https://www.mustakshif.com/public/uploads/products/product_5036606497703_Mustakshif.jpg,United Kingdom,"[""Halal"", ""halal""]",https://www.mustakshif.com/product/detail/5036606497703/farm-foods-ice-cream-chocolate-wafers-4-xl,mustakshif.com,160,high,4
84165961,EAN8,United States / Canada,Cigarettes are industrialized,"Camel, Jt international",,[],https://images.openproductsfacts.org/images/products/000/008/416/5961/front_fr.37.400.jpg,Espagne,[],https://world.openproductsfacts.org/api/v2/product/0000084165961.json,OpenProductsFacts,100,high,2
8691190120474,EAN13,Turkey,"Golden Rose Silky Smooth Base Eyeshadow Primer - Crease-proof, Fade-proof",Golden Rose,,[],,Turkey,[],https://api.upcitemdb.com/prod/trial/lookup?upc=8691190120474,UPCitemdb,100,high,1
6920152400371,EAN13,China,Ad-2612aus Samsung Adaptor 12v 2.2a 25w For Chromebook Xe500c13k06us Notebook,Samsung,,[],,China,[],https://api.upcitemdb.com/prod/trial/lookup?upc=6920152400371,UPCitemdb,100,high,1
5021554005575,EAN13,United Kingdom,Fruit puree Clearspring Pear organic 100 g (5021554005575),Clearspring,,[],https://content2.rozetka.com.ua/goods/images/base_action/585353571.jpg,United Kingdom,[],https://rozetka.com.ua/ua/clearspring-5021554005575/p535528914/,rozetka.com.ua,160,high,1
8851351387904,EAN13,Thailand,Hot Kimbap with Pork Bulgogi,EZYGO,,[],,ประเทศไทย (Thai),[],https://world.openfoodfacts.org/api/v2/product/8851351387904.json,OpenFoodFacts,100,high,6
8803937311117,EAN13,South Korea,"Korean Red Ginseng Granule Tea 3g X 100 Bags / Panax Ginseng, Licorice","Korean One Ginseng Products Co.,Ltd",,[],,South Korea,[],https://api.upcitemdb.com/prod/trial/lookup?upc=8803937311117,UPCitemdb,100,high,2
4535659001185,EAN13,Japan,Japanese Aooni Empty Can 350ml From Japan Free Shipping,Aooni,,[],,Japan,[],https://api.upcitemdb.com/prod/trial/lookup?upc=4535659001185,UPCitemdb,100,high,2
8594157150395,EAN13,Czech Republic,Honey flavored layer cake,Medovnik,,[],,Deutschland,[],https://world.openfoodfacts.org/api/v2/product/8594157150395.json,OpenFoodFacts,100,high,1
4901201224799,EAN13,Japan,12001205 Blended Coffee,UCC,"Coffee (domestic production), sugar, _skimmed milk powder_, _whole milk powder_, dextrin/emulsifier, sweetener (acesulfame K)",[],,Japan,[],https://world.openfoodfacts.org/api/v2/product/4901201224799.json,OpenFoodFacts,100,high,2
4088700113974,EAN13,Germany,Probiotic cultured drink,Biocult,"Water, Sugar, Fructose Syrup, Maltodextrin (corn), Milk Protein Concentrate, Milk Solids, Stabilisers (405, 466, 440(, Flavour, Live Probiotic Culture (Lactobacillus casei).",[],https://images.openfoodfacts.org/images/products/408/870/011/3974/front_en.3.400.jpg,Australia,[],https://world.openfoodfacts.org/api/v2/product/4088700113974.json,OpenFoodFacts,100,high,3
4070757099981,EAN13,Germany,Golden Power,,,[],https://images.openfoodfacts.org/images/products/407/075/709/9981/front_fr.3.400.jpg,France,[],https://world.openfoodfacts.org/api/v2/product/4070757099981.json,OpenFoodFacts,100,high,1
4009900582353,EAN13,Germany,Menthe givre,,,[],https://images.openfoodfacts.org/images/products/400/990/058/2353/front_fr.3.400.jpg,France,[],https://world.openfoodfacts.org/api/v2/product/4009900582353.json,OpenFoodFacts,100,high,2
8006540945162,EAN13,Italy,Blend-a-med Classic Zahncreme,Procter & Gamble,"Aqua, Sorbitol, Hydrated Silica, Disodium Pyrophosphate, Sodium Lauryl Sulfate, Cellulose Gum, Aroma, Sodium Hydroxide, Carbomer, Sodium Saccharin, Sodium Fluoride, Xanthan Gum, Limonene, Polysorbate 80",[],https://images.openbeautyfacts.org/images/products/800/654/094/5162/front_de.17.400.jpg,Deutschland,[],https://world.openbeautyfacts.org/api/v2/product/8006540945162.json,OpenBeautyFacts,100,high,1
072108160986,UPC_A,United States / Canada,Mini Strawberry Shortcake,Moon Pie,"Wheat flour, sugar, corn syrup, palm oil, palm kernel oil, invert sugar, water, gelatin, corn starch, salt, soy lecithin, natural flavor, artificial flavor, ammonium bicarbonate, corn sugar, baking soda, monocalcium phosphate, cinnamon, FD&C Red #40 Lake. Contains bioengineered food ingredients.",[],https://images.openfoodfacts.org/images/products/007/210/816/0986/front_en.3.400.jpg,United States,[],https://world.openfoodfacts.org/api/v2/product/0072108160986.json,OpenFoodFacts,100,high,3
4068262109844,EAN13,Germany,Apple pie,,,[],https://images.openfoodfacts.org/images/products/406/826/210/9844/front_fr.3.400.jpg,France,[],https://world.openfoodfacts.org/api/v2/product/4068262109844.json,OpenFoodFacts,100,high,2
9310645444802,EAN13,Australia,URBAN Coffee Culture,Coles Smart Buy,Freeze Dried Instant Coffee. FRUITY Rainforest Alliance Certified. The Rainforest Alliance seal means that coffee is grown using methods that promote a better future for people and nature. To learn more visit ra.org STORAGE Keep lid tightly closed and,[],https://images.openfoodfacts.org/images/products/931/064/544/4802/front_en.3.400.jpg,Australia,[],https://world.openfoodfacts.org/api/v2/product/9310645444802.json,OpenFoodFacts,100,high,1
8858998584901,EAN13,Thailand,Kyoho Grape and Lemon Flavored Drink,Mirinda,,[],,Thailand,[],https://world.openfoodfacts.org/api/v2/product/8858998584901.json,OpenFoodFacts,100,high,2
8001090132017,EAN13,Italy,Oral-B,,,[],https://images.openproductsfacts.org/images/products/800/109/013/2017/front_en.3.400.jpg,United Kingdom,[],https://world.openproductsfacts.org/api/v2/product/8001090132017.json,OpenProductsFacts,100,high,2
8700216264747,EAN13,Netherlands,Air Mist,fever,,[],https://images.openproductsfacts.org/images/products/870/021/626/4747/front_en.3.400.jpg,France,[],https://world.openproductsfacts.org/api/v2/product/8700216264747.json,OpenProductsFacts,100,high,2
8999908005205,EAN13,Indonesia,year c,Lifting,,[],,Indonesia,[],https://world.openbeautyfacts.org/api/v2/product/8999908005205.json,OpenBeautyFacts,100,high,1
6111260265321,EAN13,Morocco,,,"AQUA, CETEARYL ALCOHOL, BUTYROSPERMUM PARKII BUTTER, CAPRYLIC/CAPRIC TRIGLYCERIDE, CETEARETH-20, GLYCERIN, TITANIUM DIOXIDE, ZINC OXIDE, GLYCERYL STEARATE, CERA ALBA, ETHYLHEXYL PALMITATE, SIMMONDSIA CHINENSIS SEED OIL, BENZYL ALCOHOL, METHYLENE BIS-BENZOTRIAZOLYL TETRAMETHYLBUTYLPHENOL CARBOMER, ETHYLHEXYL METHOXYCINNAMATE, SESAMUM INDICUM SEE OIL, TOCOPHEROL, TRITICUM VULGARE GERM OIL, CETEARYL GLUCOSID DECYL GLUCOSIDE, PROPYLENE GLYCOL, TOCOPHERYL ACETATE, XANT GUM, PARFUM, SODIUM BENZOATE, POTASSIUM SORBATE, TETRASOD EDTA, TRIETHANOLAMINE, DEHYDROACETIC ACID, BENZYL SALICYLATE HEXYL CINNAMAL, GERANIOL, EUGENOL Fabriqué par RCOS laboratoires 126 LOT AL MASSAR 40000 RAKECH-MAROC. DISTRIBUÉ PAR: STE NEW SOUTH HUB SARL 316 GRPE EL AHD NAHDA 1, RABAT. www.IRCOSLABORATOIRES.COM eve VEGAN EVE VEGAN 01 Ka 55555 6111260 265321",[],https://images.openbeautyfacts.org/images/products/611/126/026/5321/front_fr.5.400.jpg,"France, Maroc",[],https://world.openbeautyfacts.org/api/v2/product/6111260265321.json,OpenBeautyFacts,100,high,1
4061461379285,EAN13,Germany,Skyr strawberry,milsani,,[],https://images.openfoodfacts.org/images/products/406/146/137/9285/front_en.3.400.jpg,United States,[],https://world.openfoodfacts.org/api/v2/product/4061461379285.json,OpenFoodFacts,100,high,2
4901360363360,EAN13,Japan,chocolate,bourbon,,[],,日本,[],https://world.openfoodfacts.org/api/v2/product/4901360363360.json,OpenFoodFacts,100,high,10
629025411150,UPC_A,United States / Canada,Strawberry Yogurt Drink,Iogo,,[],,Canada,[],https://world.openfoodfacts.org/api/v2/product/0629025411150.json,OpenFoodFacts,100,high,2
5011309163711,EAN13,United Kingdom,Ointment,Zeroderma,"liquid paraffin 40% w/w, white soft paraffin 30% w/w, cetearyl alcohol, polysorbate 60",[],https://images.openbeautyfacts.org/images/products/501/130/916/3711/front_en.3.400.jpg,Germany,[],https://world.openbeautyfacts.org/api/v2/product/5011309163711.json,OpenBeautyFacts,100,high,1
3600542525794,EAN13,France,Shampooing doux Ultra Doux,Garnier,"AQUA/WATER, AMMONIUM LAURYL SULFATE, SODIUM CHLORIDE, COCAMIDOPROPYL BETAINE, TILIA CORDATA FLOWER EXTRACT, TRIETHYL CITRATE, SODIUM HYDROXIDE, GUAR HYDROXYPROPYLTRIMONIUM CHLORIDE, CITRIC ACID, MALTODEXTRIN, SODIUM BENZOATE, BENZOIC ACID, LINALOOL, GERANIOL, CITRONELLOL, BENZYL. ALCOHOL, PARFUM/FRAGRANCE. F.I.L. Z297683/1",[],https://images.openbeautyfacts.org/images/products/360/054/252/5794/front_fr.3.400.jpg,France,[],https://world.openbeautyfacts.org/api/v2/product/3600542525794.json,OpenBeautyFacts,100,high,2
3574661231372,EAN13,France,Shampooing Force & Éclat,Le Petit Marseillais,"Aqua, Ammonium Lauryl Sulfate, Glycerin, Cocamidopropyl Betaine, Sodium Chloride, Parfum, Geranyl Acetate, Tetramethyl Acetyloctahydronaphthalenes, Citric Acid, Sodium Benzoate, Coco-Glucoside, Glyceryl Oleate, Hydroxypropyl Guar Hydroxypropyltrimonium Chloride, Pyrus Malus Fruit Extract, Olea Europaea Leaf Extract, Potassium Sorbate, Tocopherol, Hydrogenated Palm Glycerides Citrate [PR-0001698]",[],https://images.openbeautyfacts.org/images/products/357/466/123/1372/front_fr.15.400.jpg,France,[],https://world.openbeautyfacts.org/api/v2/product/3574661231372.json,OpenBeautyFacts,100,high,2
3600551183978,EAN13,France,Mixa repair cream,Cica cream mix,,[],https://images.openbeautyfacts.org/images/products/360/055/118/3978/front_fr.7.400.jpg,فرنسا,[],https://world.openbeautyfacts.org/api/v2/product/3600551183978.json,OpenBeautyFacts,100,high,2
8714789921006,EAN13,Netherlands,toothpaste,meridol,"meridol balm for your gums Bacteria often settle on the edge of the gums, They are the main cause of gum inflammation, These can often occur at the same time as tooth discoloration, meridol® GENTLE WHITE toothpaste fights the bacterial cause - not just the symptoms, The dental care formula works effectively and gently like a balm, it keeps the gums healthy, The natural whiteness of the teeth is preserved and tooth discoloration is removed, from gum inflammation before it Protects against: Gum inflammation • Bleeding gums • Receding gums • Periodontitis • Plaque formation, tooth decay • Tooth discoloration",[],https://images.openbeautyfacts.org/images/products/871/478/992/1006/front_de.19.400.jpg,Deutschland,[],https://world.openbeautyfacts.org/api/v2/product/8714789921006.json,OpenBeautyFacts,100,high,2
4068706738128,EAN13,Germany,dental gum,Aldi,,[],https://images.openproductsfacts.org/images/products/406/870/673/8128/front_en.9.400.jpg,Belgium,[],https://world.openproductsfacts.org/api/v2/product/4068706738128.json,OpenProductsFacts,100,high,6
8410751030911,EAN13,Spain,Original,"Briseis, Tulipán Negro",,[],https://images.openbeautyfacts.org/images/products/841/075/103/0911/front_en.14.400.jpg,"Algeria, Morocco, Spain",[],https://world.openbeautyfacts.org/api/v2/product/8410751030911.json,OpenBeautyFacts,100,high,1
4104260064539,EAN13,Germany,Kokus Haareachs,SWISS O-PAR,"Ingredients: Petrolatum, Cocos Nucifera Oil, Cera Alba, Parfum, Tocopheral, Coumarin, Benzyl Benzoate, Ascorbyl Palmitate, Hydroxycitronellal, Ascorbic Acid, Citric Acid, PEG-8",[],https://images.openbeautyfacts.org/images/products/410/426/006/4539/front_de.4.400.jpg,Deutschland,[],https://world.openbeautyfacts.org/api/v2/product/4104260064539.json,OpenBeautyFacts,100,high,1
65681244,EAN8,United States / Canada,Spicy Lentil Wrap with Spicy Tahini Sauce,Trader Joe's,,[],https://images.openfoodfacts.org/images/products/000/006/568/1244/front_en.3.400.jpg,United States,[],https://world.openfoodfacts.org/api/v2/product/0000065681244.json,OpenFoodFacts,100,high,2
6130261210048,EAN13,Algeria,Chargement…,,,[],https://images.openbeautyfacts.org/images/products/613/026/121/0048/front_fr.4.400.jpg,Algeria,[],https://world.openbeautyfacts.org/api/v2/product/6130261210048.json,OpenBeautyFacts,100,high,3
4061463080424,EAN13,Germany,Washing up liquid,Magnum,"15-30% Anionic Surfactants. 5-15% Non-lonic Surfactants Less than 5% Amphoteric Surfactants. Also contains: Perfume, Limonene, Preservatives Methylchloroisothiazolinone and Methylisothiazolinone. ! WARNING Magnum Original Washing Up Liquid. Causes serious eye irritation. If medical advice is needed, have product container or label at hand. Keep out of reach of children. Wash hands thoroughly after handling. IF IN EYES: Rinse cautiously with water for several minutes. Remove contact lenses, if present and easy to do. continue rinsing. If eye irritation persists: Get medical advice/ention. UFI: G441-97RU-2NON-QQFN. Please pe for a Safety Data Sheet: Tel: UK 0800 644 6090 IRE 1800910. Further product information: www.safetydatasheetsinfo.com STORAGE: Do not store below 4°C H A.I.S.E. 500mle MMM A Charter NRIGHT mber EU If you are not entirely satisfied with this product pe return it to the store where it was purchased and we willased to replace or refund it. This does not affect your status rights. PRODUCED FUR Produced in UK. CAP ON C Recycle Bottle made from 100% recycled plastic without label and cap 4061463080424 30022007",[],https://images.openbeautyfacts.org/images/products/406/146/308/0424/front_en.3.400.jpg,United Kingdom,[],https://world.openbeautyfacts.org/api/v2/product/4061463080424.json,OpenBeautyFacts,100,high,1
5601036208382,EAN13,Portugal,gel,,,[],https://images.openbeautyfacts.org/images/products/560/103/620/8382/front_en.6.400.jpg,"Morocco, Portugal",[],https://world.openbeautyfacts.org/api/v2/product/5601036208382.json,OpenBeautyFacts,100,high,2
8809348253848,EAN13,South Korea,Korean Pancake Mix,Good Today,,[],,Malaysia,[],https://world.openfoodfacts.org/api/v2/product/8809348253848.json,OpenFoodFacts,100,high,2
8999999527563,EAN13,Indonesia,Lux Soft Touch Pink 80g,,,[],https://images.openproductsfacts.org/images/products/899/999/952/7563/front_en.3.400.jpg,Singapore,[],https://world.openproductsfacts.org/api/v2/product/8999999527563.json,OpenProductsFacts,100,high,6
8809950201138,EAN13,South Korea,Good seoul tubes sour and onion,,,[],https://images.openfoodfacts.org/images/products/880/995/020/1138/front_en.3.400.jpg,Lebanon,[],https://world.openfoodfacts.org/api/v2/product/8809950201138.json,OpenFoodFacts,100,high,4
84165947,EAN8,United States / Canada,Classic Winston,Winston,,[],https://images.openproductsfacts.org/images/products/000/008/416/5947/front_es.23.400.jpg,España,[],https://world.openproductsfacts.org/api/v2/product/0000084165947.json,OpenProductsFacts,100,high,6
8445292562485,EAN13,Spain,Smoky Mac & Cheese,Maggi - 5 Minuten Terrine,,[],https://images.openfoodfacts.org/images/products/844/529/256/2485/front_de.3.400.jpg,Deutschland,[],https://world.openfoodfacts.org/api/v2/product/8445292562485.json,OpenFoodFacts,100,high,3
59095620,EAN8,United States / Canada,Cotton Dry,Rexona,,[],https://images.openbeautyfacts.org/images/products/000/005/909/5620/front_de.5.400.jpg,Deutschland,[],https://world.openbeautyfacts.org/api/v2/product/0000059095620.json,OpenBeautyFacts,100,high,4
5999571055876,EAN13,Hungary,energy drink,,,[],https://images.openfoodfacts.org/images/products/599/957/105/5876/front_fr.3.400.jpg,France,[],https://world.openfoodfacts.org/api/v2/product/5999571055876.json,OpenFoodFacts,100,high,9
6191513503806,EAN13,Tunisia,Mozzarella,Kaiser,,[],https://images.openfoodfacts.org/images/products/619/151/350/3806/front_en.3.400.jpg,United States,[],https://world.openfoodfacts.org/api/v2/product/6191513503806.json,OpenFoodFacts,100,high,3
8712561483162,EAN13,Netherlands,,Vaseline,"Aqua, Petrolatum, Glycerin, Stearic Acid, Isopropyl Palmitate, Glycol Stearate, Dimethicone, Triethanolamine, Glyceryl Stearate, Butyrospermum Parkii Butter, Theobroma Cacao Seed Butter, Cetyl Alcohol, Phenoxyethanol, Methylparaben, Parfum, Magnesium Aluminum Silicate, Carbomer, Propylparaben, Stearamide AMP, Disodium EDTA, Caramel, Maltodextrin, Coumarin, Geraniol, Hexyl Cinnamal, Hydroxycitronellal, Linalool. BOTTLE Recycle CAP Recycle 8 712561 483162&quot;: Unilever UK: CALL FREE: 0800 591720 IE: CALLSAVE 1800 604 060 Vaseline is a Registered Trademark www.vaseline.com www.unilever.com Made in Poland Unilever RA: 455 3013 AL: NL EN Unilever Dept ER Wirral CH633JW UK 12M 400mle 41990 BQ 23:09",[],https://images.openbeautyfacts.org/images/products/871/256/148/3162/front_en.13.400.jpg,Maroc,[],https://world.openbeautyfacts.org/api/v2/product/8712561483162.json,OpenBeautyFacts,100,high,5
8001090576033,EAN13,Italy,Dentifrice Pro-expert Menthe douce,Oral B,,[],https://images.openbeautyfacts.org/images/products/800/109/057/6033/front_fr.6.400.jpg,France,[],https://world.openbeautyfacts.org/api/v2/product/8001090576033.json,OpenBeautyFacts,100,high,1
0246174014003,EAN13,United States / Canada,Hot Roast Butter Chicken,Coles,,[],,Australia,[],https://world.openfoodfacts.org/api/v2/product/0246174014003.json,OpenFoodFacts,100,high,2
9781405234788,EAN13,,Hershey milk chocolate bars king-size 2.6Oz Bar 18 boxes of 12 bars,,,[],,India,[],https://world.openproductsfacts.org/api/v2/product/9781405234788.json,OpenProductsFacts,100,high,1
